pdb_path	pdb_id	uniprot_id	subfamily	family	clan	name	active_site_raw	len_active_site		res1	res2	res1_name	res2_name	trr_dist	trr_omega	trr_phi1	trr_phi2	trr_psi1	trr_psi2	pdb_ca_dist	pdb_cb_dist	pdb_ca_cb_angle
/Users/hbk/Projects/Lab/06_FoldMotif/repos/merops/merops_pdb/2cga.pdb	2cga	P00766	S01A	S01	PA	chymotrypsin A (cattle-type)	E75, E120, E213	3	65120	65213	ALA	VAL	18.381596	0.42348406	0.70101494	0.9997099	59.160656	86.51639	17.70911	18.381596	138.95322
/Users/hbk/Projects/Lab/06_FoldMotif/repos/merops/merops_pdb/2cga.pdb	2cga	P00766	S01A	S01	PA	chymotrypsin A (cattle-type)	E75, E120, E213	3	65120	6675	ALA	SER	17.339436	-0.82082963	0.8761502	-0.15454559	79.000694	129.20915	18.147673	17.339436	96.14491
/Users/hbk/Projects/Lab/06_FoldMotif/repos/merops/merops_pdb/2cga.pdb	2cga	P00766	S01A	S01	PA	chymotrypsin A (cattle-type)	E75, E120, E213	3	65213	65120	VAL	ALA	18.381596	0.42348406	0.9997099	0.7010153	86.51639	59.160656	17.70911	18.381596	138.95322
/Users/hbk/Projects/Lab/06_FoldMotif/repos/merops/merops_pdb/2cga.pdb	2cga	P00766	S01A	S01	PA	chymotrypsin A (cattle-type)	E75, E120, E213	3	6675	65120	SER	ALA	17.339436	-0.82082963	-0.15454559	0.8761502	129.20915	79.000694	18.147673	17.339436	96.14491
/Users/hbk/Projects/Lab/06_FoldMotif/repos/merops/merops_pdb/2cga.pdb	2cga	P00766	S01A	S01	PA	chymotrypsin A (cattle-type)	E75, E120, E213	3	66120	66213	ALA	VAL	18.723629	0.73189145	0.9188143	0.99583435	53.744152	79.57429	17.732588	18.723629	147.67413
/Users/hbk/Projects/Lab/06_FoldMotif/repos/merops/merops_pdb/2cga.pdb	2cga	P00766	S01A	S01	PA	chymotrypsin A (cattle-type)	E75, E120, E213	3	66213	66120	VAL	ALA	18.723629	0.73189145	0.99583435	0.9188143	79.57429	53.744152	17.732588	18.723629	147.67413
/Users/hbk/Projects/Lab/06_FoldMotif/repos/merops/merops_pdb/1cbw.pdb	1cbw	P00766	S01A	S01	PA	chymotrypsin A (cattle-type)	E75, E120, E213	3	66120	67213	ALA	VAL	18.257093	0.25065237	0.8624035	0.99923486	51.49548	87.27838	17.428118	18.257093	130.36786
/Users/hbk/Projects/Lab/06_FoldMotif/repos/merops/merops_pdb/1cbw.pdb	1cbw	P00766	S01A	S01	PA	chymotrypsin A (cattle-type)	E75, E120, E213	3	67213	66120	VAL	ALA	18.257093	0.25065237	0.99923486	0.8624035	87.27838	51.49548	17.428118	18.257093	130.36786
/Users/hbk/Projects/Lab/06_FoldMotif/repos/merops/merops_pdb/1cbw.pdb	1cbw	P00766	S01A	S01	PA	chymotrypsin A (cattle-type)	E75, E120, E213	3	71120	72213	ALA	VAL	18.079844	0.1552231	0.75795525	0.9929226	62.533066	84.838776	17.4542	18.079844	135.48734
/Users/hbk/Projects/Lab/06_FoldMotif/repos/merops/merops_pdb/1cbw.pdb	1cbw	P00766	S01A	S01	PA	chymotrypsin A (cattle-type)	E75, E120, E213	3	72213	71120	VAL	ALA	18.079844	0.1552231	0.9929226	0.75795525	84.838776	62.533066	17.4542	18.079844	135.48734
/Users/hbk/Projects/Lab/06_FoldMotif/repos/merops/merops_pdb/6gch.pdb	6gch	P00766	S01A	S01	PA	chymotrypsin A (cattle-type)	E75, E120, E213	3	70120	71213	ALA	VAL	18.69013	0.9786148	0.76436883	0.9563317	52.611027	81.401634	17.737993	18.69013	150.7123
/Users/hbk/Projects/Lab/06_FoldMotif/repos/merops/merops_pdb/6gch.pdb	6gch	P00766	S01A	S01	PA	chymotrypsin A (cattle-type)	E75, E120, E213	3	71213	70120	VAL	ALA	18.69013	0.9786148	0.9563317	0.76436883	81.401634	52.611027	17.737993	18.69013	150.7123
/Users/hbk/Projects/Lab/06_FoldMotif/repos/merops/merops_pdb/1kxf.pdb	1kxf	P03316	S03	S03	PA	togavirin	E141, E163, E215	3	65141	65163	HIS	ASP	5.710307	0.77603096	0.9295387	0.5420563	100.19897	105.984985	6.427004	5.710307	32.55952
/Users/hbk/Projects/Lab/06_FoldMotif/repos/merops/merops_pdb/1kxf.pdb	1kxf	P03316	S03	S03	PA	togavirin	E141, E163, E215	3	65141	65215	HIS	SER	7.3328204	-0.799821	-0.9090343	0.6230172	99.13083	155.33951	9.150923	7.3328204	105.93493
/Users/hbk/Projects/Lab/06_FoldMotif/repos/merops/merops_pdb/1kxf.pdb	1kxf	P03316	S03	S03	PA	togavirin	E141, E163, E215	3	65163	65141	ASP	HIS	5.710307	0.776031	0.5420563	0.9295387	105.984985	100.19897	6.427004	5.710307	32.55952
/Users/hbk/Projects/Lab/06_FoldMotif/repos/merops/merops_pdb/1kxf.pdb	1kxf	P03316	S03	S03	PA	togavirin	E141, E163, E215	3	65163	65215	ASP	SER	9.04992	-0.9700385	0.54166555	0.7729298	122.032425	116.4727	10.733344	9.04992	109.22739
/Users/hbk/Projects/Lab/06_FoldMotif/repos/merops/merops_pdb/1kxf.pdb	1kxf	P03316	S03	S03	PA	togavirin	E141, E163, E215	3	65215	65141	SER	HIS	7.3328204	-0.799821	0.6230172	-0.9090343	155.33951	99.13083	9.150923	7.3328204	105.93493
/Users/hbk/Projects/Lab/06_FoldMotif/repos/merops/merops_pdb/1kxf.pdb	1kxf	P03316	S03	S03	PA	togavirin	E141, E163, E215	3	65215	65163	SER	ASP	9.04992	-0.9700385	0.7729298	0.54166555	116.4727	122.032425	10.733344	9.04992	109.22739
/Users/hbk/Projects/Lab/06_FoldMotif/repos/merops/merops_pdb/1kxd.pdb	1kxd	P03316	S03	S03	PA	togavirin	E141, E163, E215	3	65141	65163	HIS	ASP	5.909904	0.77021223	0.91728735	0.5886493	99.23151	104.00284	6.5517893	5.909904	30.435165
/Users/hbk/Projects/Lab/06_FoldMotif/repos/merops/merops_pdb/1kxd.pdb	1kxd	P03316	S03	S03	PA	togavirin	E141, E163, E215	3	65141	65215	HIS	SER	7.2596	-0.9547927	-0.878528	0.7759335	98.50255	159.69156	9.071485	7.2596	100.96854
/Users/hbk/Projects/Lab/06_FoldMotif/repos/merops/merops_pdb/1kxd.pdb	1kxd	P03316	S03	S03	PA	togavirin	E141, E163, E215	3	65163	65141	ASP	HIS	5.909904	0.77021223	0.5886493	0.91728735	104.00284	99.23151	6.5517893	5.909904	30.435165
/Users/hbk/Projects/Lab/06_FoldMotif/repos/merops/merops_pdb/1kxd.pdb	1kxd	P03316	S03	S03	PA	togavirin	E141, E163, E215	3	65163	65215	ASP	SER	9.049337	-0.9840408	0.55124336	0.7738312	120.495155	119.02819	10.751206	9.049337	108.27302
/Users/hbk/Projects/Lab/06_FoldMotif/repos/merops/merops_pdb/1kxd.pdb	1kxd	P03316	S03	S03	PA	togavirin	E141, E163, E215	3	65215	65141	SER	HIS	7.2596	-0.9547927	0.7759335	-0.878528	159.69156	98.50255	9.071485	7.2596	100.96854
/Users/hbk/Projects/Lab/06_FoldMotif/repos/merops/merops_pdb/1kxd.pdb	1kxd	P03316	S03	S03	PA	togavirin	E141, E163, E215	3	65215	65163	SER	ASP	9.049337	-0.9840408	0.7738312	0.55124336	119.02819	120.495155	10.751206	9.049337	108.27302
/Users/hbk/Projects/Lab/06_FoldMotif/repos/merops/merops_pdb/1gmh.pdb	1gmh	P00766	S01A	S01	PA	chymotrypsin A (cattle-type)	E75, E120, E213	3	70120	71213	ALA	VAL	18.14072	0.5837705	0.7232876	0.9921534	54.09001	89.56197	17.428864	18.14072	136.48643
/Users/hbk/Projects/Lab/06_FoldMotif/repos/merops/merops_pdb/1gmh.pdb	1gmh	P00766	S01A	S01	PA	chymotrypsin A (cattle-type)	E75, E120, E213	3	71213	70120	VAL	ALA	18.14072	0.5837705	0.9921534	0.7232876	89.56197	54.09001	17.428864	18.14072	136.48643
/Users/hbk/Projects/Lab/06_FoldMotif/repos/merops/merops_pdb/1kxe.pdb	1kxe	P03316	S03	S03	PA	togavirin	E141, E163, E215	3	65141	65163	HIS	ASP	6.058741	0.6632083	0.9546016	0.61718404	97.25926	104.00116	6.6563315	6.058741	32.095158
/Users/hbk/Projects/Lab/06_FoldMotif/repos/merops/merops_pdb/1kxe.pdb	1kxe	P03316	S03	S03	PA	togavirin	E141, E163, E215	3	65141	65215	HIS	SER	7.42371	-0.3028998	-0.86119187	0.64839685	102.86432	161.0197	9.2955885	7.42371	91.33742
/Users/hbk/Projects/Lab/06_FoldMotif/repos/merops/merops_pdb/1kxe.pdb	1kxe	P03316	S03	S03	PA	togavirin	E141, E163, E215	3	65163	65141	ASP	HIS	6.058741	0.6632083	0.61718404	0.9546016	104.00116	97.25926	6.6563315	6.058741	32.095158
/Users/hbk/Projects/Lab/06_FoldMotif/repos/merops/merops_pdb/1kxe.pdb	1kxe	P03316	S03	S03	PA	togavirin	E141, E163, E215	3	65163	65215	ASP	SER	8.903703	-0.9790786	0.46214756	0.9670706	127.62456	122.37568	10.793226	8.903703	104.979935
/Users/hbk/Projects/Lab/06_FoldMotif/repos/merops/merops_pdb/1kxe.pdb	1kxe	P03316	S03	S03	PA	togavirin	E141, E163, E215	3	65215	65141	SER	HIS	7.42371	-0.30289993	0.64839685	-0.86119187	161.0197	102.86432	9.2955885	7.42371	91.33742
/Users/hbk/Projects/Lab/06_FoldMotif/repos/merops/merops_pdb/1kxe.pdb	1kxe	P03316	S03	S03	PA	togavirin	E141, E163, E215	3	65215	65163	SER	ASP	8.903703	-0.9790786	0.9670706	0.46214756	122.37568	127.62456	10.793226	8.903703	104.979935
/Users/hbk/Projects/Lab/06_FoldMotif/repos/merops/merops_pdb/5cha.pdb	5cha	P00766	S01A	S01	PA	chymotrypsin A (cattle-type)	E75, E120, E213	3	66120	67213	ALA	VAL	18.36493	0.78901964	0.7338749	0.9905098	55.216034	87.59601	17.63328	18.36493	143.1327
/Users/hbk/Projects/Lab/06_FoldMotif/repos/merops/merops_pdb/5cha.pdb	5cha	P00766	S01A	S01	PA	chymotrypsin A (cattle-type)	E75, E120, E213	3	67213	66120	VAL	ALA	18.36493	0.78901964	0.9905098	0.7338749	87.59601	55.216034	17.63328	18.36493	143.1327
/Users/hbk/Projects/Lab/06_FoldMotif/repos/merops/merops_pdb/5cha.pdb	5cha	P00766	S01A	S01	PA	chymotrypsin A (cattle-type)	E75, E120, E213	3	70120	71213	ALA	VAL	18.233473	0.5548066	0.61543983	0.9990806	54.394917	83.19395	17.371227	18.233473	141.33505
/Users/hbk/Projects/Lab/06_FoldMotif/repos/merops/merops_pdb/5cha.pdb	5cha	P00766	S01A	S01	PA	chymotrypsin A (cattle-type)	E75, E120, E213	3	71213	70120	VAL	ALA	18.233473	0.5548066	0.9990806	0.61543983	83.19395	54.394917	17.371227	18.233473	141.33505
/Users/hbk/Projects/Lab/06_FoldMotif/repos/merops/merops_pdb/3gct.pdb	3gct	P00766	S01A	S01	PA	chymotrypsin A (cattle-type)	E75, E120, E213	3	70120	71213	ALA	VAL	18.090258	0.6618366	0.83900213	0.99904317	56.366234	85.590485	17.346556	18.090258	143.06216
/Users/hbk/Projects/Lab/06_FoldMotif/repos/merops/merops_pdb/3gct.pdb	3gct	P00766	S01A	S01	PA	chymotrypsin A (cattle-type)	E75, E120, E213	3	71213	70120	VAL	ALA	18.090258	0.6618366	0.99904317	0.83900183	85.590485	56.366234	17.346556	18.090258	143.06216
/Users/hbk/Projects/Lab/06_FoldMotif/repos/merops/merops_pdb/1t8o.pdb	1t8o	P00766	S01A	S01	PA	chymotrypsin A (cattle-type)	E75, E120, E213	3	65120	65213	ALA	VAL	17.893368	0.370615	0.69921076	0.9998564	59.313515	86.958565	17.247934	17.893368	137.56036
/Users/hbk/Projects/Lab/06_FoldMotif/repos/merops/merops_pdb/1t8o.pdb	1t8o	P00766	S01A	S01	PA	chymotrypsin A (cattle-type)	E75, E120, E213	3	65213	65120	VAL	ALA	17.893368	0.370615	0.9998564	0.69921076	86.958565	59.313515	17.247934	17.893368	137.56036
/Users/hbk/Projects/Lab/06_FoldMotif/repos/merops/merops_pdb/1t8o.pdb	1t8o	P00766	S01A	S01	PA	chymotrypsin A (cattle-type)	E75, E120, E213	3	67120	67213	ALA	VAL	17.92019	0.41216543	0.7007847	0.99996984	58.701206	86.79768	17.255262	17.92019	138.2364
/Users/hbk/Projects/Lab/06_FoldMotif/repos/merops/merops_pdb/1t8o.pdb	1t8o	P00766	S01A	S01	PA	chymotrypsin A (cattle-type)	E75, E120, E213	3	67213	67120	VAL	ALA	17.92019	0.41216543	0.99996984	0.7007847	86.79768	58.701206	17.255262	17.92019	138.2364
/Users/hbk/Projects/Lab/06_FoldMotif/repos/merops/merops_pdb/1kxa.pdb	1kxa	P03316	S03	S03	PA	togavirin	E141, E163, E215	3	65141	65163	HIS	ASP	5.8487997	0.69543725	0.9492749	0.49571687	98.92674	101.1893	6.4112453	5.8487997	30.43962
/Users/hbk/Projects/Lab/06_FoldMotif/repos/merops/merops_pdb/1kxa.pdb	1kxa	P03316	S03	S03	PA	togavirin	E141, E163, E215	3	65141	65215	HIS	SER	7.378636	-0.9567143	-0.8990624	0.791616	99.04751	158.09425	9.189689	7.378636	101.54295
/Users/hbk/Projects/Lab/06_FoldMotif/repos/merops/merops_pdb/1kxa.pdb	1kxa	P03316	S03	S03	PA	togavirin	E141, E163, E215	3	65163	65141	ASP	HIS	5.8487997	0.6954373	0.49571687	0.9492749	101.1893	98.92674	6.4112453	5.8487997	30.43962
/Users/hbk/Projects/Lab/06_FoldMotif/repos/merops/merops_pdb/1kxa.pdb	1kxa	P03316	S03	S03	PA	togavirin	E141, E163, E215	3	65163	65215	ASP	SER	8.996581	-0.9477664	0.63901335	0.79489976	121.92605	117.7401	10.70135	8.996581	111.56424
/Users/hbk/Projects/Lab/06_FoldMotif/repos/merops/merops_pdb/1kxa.pdb	1kxa	P03316	S03	S03	PA	togavirin	E141, E163, E215	3	65215	65141	SER	HIS	7.378636	-0.9567143	0.791616	-0.8990625	158.09425	99.04751	9.189689	7.378636	101.54295
/Users/hbk/Projects/Lab/06_FoldMotif/repos/merops/merops_pdb/1kxa.pdb	1kxa	P03316	S03	S03	PA	togavirin	E141, E163, E215	3	65215	65163	SER	ASP	8.996581	-0.9477664	0.79489946	0.63901335	117.7401	121.92605	10.70135	8.996581	111.56424
/Users/hbk/Projects/Lab/06_FoldMotif/repos/merops/merops_pdb/1t8n.pdb	1t8n	P00766	S01A	S01	PA	chymotrypsin A (cattle-type)	E75, E120, E213	3	65120	65213	ALA	VAL	17.897793	0.34667993	0.70277125	0.9999991	58.97622	87.484505	17.258446	17.897793	136.48015
/Users/hbk/Projects/Lab/06_FoldMotif/repos/merops/merops_pdb/1t8n.pdb	1t8n	P00766	S01A	S01	PA	chymotrypsin A (cattle-type)	E75, E120, E213	3	65213	65120	VAL	ALA	17.897793	0.34667993	0.9999991	0.70277125	87.484505	58.97622	17.258446	17.897793	136.48015
/Users/hbk/Projects/Lab/06_FoldMotif/repos/merops/merops_pdb/1t8n.pdb	1t8n	P00766	S01A	S01	PA	chymotrypsin A (cattle-type)	E75, E120, E213	3	67120	67213	ALA	VAL	17.85957	0.37375423	0.68680865	0.99999565	59.20684	87.38495	17.224573	17.85957	137.26971
/Users/hbk/Projects/Lab/06_FoldMotif/repos/merops/merops_pdb/1t8n.pdb	1t8n	P00766	S01A	S01	PA	chymotrypsin A (cattle-type)	E75, E120, E213	3	67213	67120	VAL	ALA	17.85957	0.37375423	0.99999565	0.6868083	87.38495	59.20684	17.224573	17.85957	137.26971
/Users/hbk/Projects/Lab/06_FoldMotif/repos/merops/merops_pdb/2snw.pdb	2snw	P03316	S03	S03	PA	togavirin	E141, E163, E215	3	65141	65163	HIS	ASP	6.1010866	0.6150934	0.9621349	0.80491805	101.65528	101.59742	6.7519217	6.1010866	34.762203
/Users/hbk/Projects/Lab/06_FoldMotif/repos/merops/merops_pdb/2snw.pdb	2snw	P03316	S03	S03	PA	togavirin	E141, E163, E215	3	65141	65215	HIS	SER	7.6040316	0.6951095	-0.8643267	-0.3931773	97.19219	165.45395	9.347291	7.6040316	83.787346
/Users/hbk/Projects/Lab/06_FoldMotif/repos/merops/merops_pdb/2snw.pdb	2snw	P03316	S03	S03	PA	togavirin	E141, E163, E215	3	65163	65141	ASP	HIS	6.1010866	0.61509347	0.80491805	0.9621349	101.59742	101.65528	6.7519217	6.1010866	34.762203
/Users/hbk/Projects/Lab/06_FoldMotif/repos/merops/merops_pdb/2snw.pdb	2snw	P03316	S03	S03	PA	togavirin	E141, E163, E215	3	65163	65215	ASP	SER	9.023095	-0.9176721	0.19991817	0.96948284	122.67579	133.16447	11.000881	9.023095	104.16806
/Users/hbk/Projects/Lab/06_FoldMotif/repos/merops/merops_pdb/2snw.pdb	2snw	P03316	S03	S03	PA	togavirin	E141, E163, E215	3	65215	65141	SER	HIS	7.6040316	0.6951096	-0.3931773	-0.8643267	165.45395	97.19219	9.347291	7.6040316	83.787346
/Users/hbk/Projects/Lab/06_FoldMotif/repos/merops/merops_pdb/2snw.pdb	2snw	P03316	S03	S03	PA	togavirin	E141, E163, E215	3	65215	65163	SER	ASP	9.023095	-0.9176721	0.96948284	0.19991817	133.16447	122.67579	11.000881	9.023095	104.16806
/Users/hbk/Projects/Lab/06_FoldMotif/repos/merops/merops_pdb/2snw.pdb	2snw	P03316	S03	S03	PA	togavirin	E141, E163, E215	3	66141	66163	HIS	ASP	5.857872	0.78592676	0.8767352	0.60509044	99.00832	111.91055	6.6872945	5.857872	36.15072
/Users/hbk/Projects/Lab/06_FoldMotif/repos/merops/merops_pdb/2snw.pdb	2snw	P03316	S03	S03	PA	togavirin	E141, E163, E215	3	66141	66215	HIS	SER	7.332122	-0.47509784	-0.8248191	0.3399191	99.00354	163.15811	9.18076	7.332122	107.240524
/Users/hbk/Projects/Lab/06_FoldMotif/repos/merops/merops_pdb/2snw.pdb	2snw	P03316	S03	S03	PA	togavirin	E141, E163, E215	3	66163	66141	ASP	HIS	5.857872	0.7859268	0.60509044	0.8767352	111.91055	99.00832	6.6872945	5.857872	36.15072
/Users/hbk/Projects/Lab/06_FoldMotif/repos/merops/merops_pdb/2snw.pdb	2snw	P03316	S03	S03	PA	togavirin	E141, E163, E215	3	66163	66215	ASP	SER	9.045291	-0.98918813	0.3727027	0.81187874	124.52324	123.889496	10.912422	9.045291	111.48738
/Users/hbk/Projects/Lab/06_FoldMotif/repos/merops/merops_pdb/2snw.pdb	2snw	P03316	S03	S03	PA	togavirin	E141, E163, E215	3	66215	66141	SER	HIS	7.332122	-0.47509784	0.3399191	-0.8248191	163.15811	99.00354	9.18076	7.332122	107.240524
/Users/hbk/Projects/Lab/06_FoldMotif/repos/merops/merops_pdb/2snw.pdb	2snw	P03316	S03	S03	PA	togavirin	E141, E163, E215	3	66215	66163	SER	ASP	9.045291	-0.98918813	0.81187874	0.3727027	123.889496	124.52324	10.912422	9.045291	111.48738
/Users/hbk/Projects/Lab/06_FoldMotif/repos/merops/merops_pdb/1t8l.pdb	1t8l	P00766	S01A	S01	PA	chymotrypsin A (cattle-type)	E75, E120, E213	3	65120	65213	ALA	VAL	17.919592	0.38626054	0.68744504	0.9993594	59.371128	86.70469	17.270752	17.919592	138.11562
/Users/hbk/Projects/Lab/06_FoldMotif/repos/merops/merops_pdb/1t8l.pdb	1t8l	P00766	S01A	S01	PA	chymotrypsin A (cattle-type)	E75, E120, E213	3	65213	65120	VAL	ALA	17.919592	0.38626054	0.9993594	0.68744504	86.70469	59.371128	17.270752	17.919592	138.11562
/Users/hbk/Projects/Lab/06_FoldMotif/repos/merops/merops_pdb/1t8l.pdb	1t8l	P00766	S01A	S01	PA	chymotrypsin A (cattle-type)	E75, E120, E213	3	67120	67213	ALA	VAL	17.926878	0.40310568	0.6767931	0.9993536	59.57545	86.22865	17.26911	17.926878	138.93752
/Users/hbk/Projects/Lab/06_FoldMotif/repos/merops/merops_pdb/1t8l.pdb	1t8l	P00766	S01A	S01	PA	chymotrypsin A (cattle-type)	E75, E120, E213	3	67213	67120	VAL	ALA	17.926878	0.40310568	0.9993536	0.6767931	86.22865	59.57545	17.26911	17.926878	138.93752
/Users/hbk/Projects/Lab/06_FoldMotif/repos/merops/merops_pdb/1t7c.pdb	1t7c	P00766	S01A	S01	PA	chymotrypsin A (cattle-type)	E75, E120, E213	3	65120	65213	ALA	VAL	17.981668	0.35827297	0.70486563	0.9997091	59.34019	86.50775	17.32548	17.981668	137.61594
/Users/hbk/Projects/Lab/06_FoldMotif/repos/merops/merops_pdb/1t7c.pdb	1t7c	P00766	S01A	S01	PA	chymotrypsin A (cattle-type)	E75, E120, E213	3	65213	65120	VAL	ALA	17.981668	0.35827297	0.9997091	0.70486563	86.50775	59.34019	17.32548	17.981668	137.61594
/Users/hbk/Projects/Lab/06_FoldMotif/repos/merops/merops_pdb/1t7c.pdb	1t7c	P00766	S01A	S01	PA	chymotrypsin A (cattle-type)	E75, E120, E213	3	67120	67213	ALA	VAL	17.940437	0.32711375	0.68386155	0.99947715	60.05646	86.46914	17.298311	17.940437	137.32896
/Users/hbk/Projects/Lab/06_FoldMotif/repos/merops/merops_pdb/1t7c.pdb	1t7c	P00766	S01A	S01	PA	chymotrypsin A (cattle-type)	E75, E120, E213	3	67213	67120	VAL	ALA	17.940437	0.32711375	0.99947715	0.68386155	86.46914	60.05646	17.298311	17.940437	137.32896
/Users/hbk/Projects/Lab/06_FoldMotif/repos/merops/merops_pdb/1kxb.pdb	1kxb	P03316	S03	S03	PA	togavirin	E141, E163, E215	3	65141	65163	HIS	ASP	5.888132	0.6505051	0.96174026	0.5299546	100.84313	101.39002	6.5114827	5.888132	33.123795
/Users/hbk/Projects/Lab/06_FoldMotif/repos/merops/merops_pdb/1kxb.pdb	1kxb	P03316	S03	S03	PA	togavirin	E141, E163, E215	3	65141	65215	HIS	ALA	7.1554646	-0.98170274	-0.90768194	0.9951809	99.65295	159.25215	8.965685	7.1554646	97.08843
/Users/hbk/Projects/Lab/06_FoldMotif/repos/merops/merops_pdb/1kxb.pdb	1kxb	P03316	S03	S03	PA	togavirin	E141, E163, E215	3	65163	65141	ASP	HIS	5.888132	0.6505051	0.529955	0.96174026	101.39002	100.84313	6.5114827	5.888132	33.123795
/Users/hbk/Projects/Lab/06_FoldMotif/repos/merops/merops_pdb/1kxb.pdb	1kxb	P03316	S03	S03	PA	togavirin	E141, E163, E215	3	65163	65215	ASP	ALA	8.767739	-0.98719645	0.6315667	0.875365	123.59655	117.91577	10.506057	8.767739	108.53899
/Users/hbk/Projects/Lab/06_FoldMotif/repos/merops/merops_pdb/1kxb.pdb	1kxb	P03316	S03	S03	PA	togavirin	E141, E163, E215	3	65215	65141	ALA	HIS	7.1554646	-0.98170274	0.9951809	-0.90768194	159.25215	99.65295	8.965685	7.1554646	97.08843
/Users/hbk/Projects/Lab/06_FoldMotif/repos/merops/merops_pdb/1kxb.pdb	1kxb	P03316	S03	S03	PA	togavirin	E141, E163, E215	3	65215	65163	ALA	ASP	8.767739	-0.98719645	0.875365	0.6315667	117.91577	123.59655	10.506057	8.767739	108.53899
/Users/hbk/Projects/Lab/06_FoldMotif/repos/merops/merops_pdb/8gch.pdb	8gch	P00766	S01A	S01	PA	chymotrypsin A (cattle-type)	E75, E120, E213	3	70120	71213	ALA	VAL	17.646729	0.47981343	0.7573132	0.99787885	57.83932	89.5326	17.025913	17.646729	137.09718
/Users/hbk/Projects/Lab/06_FoldMotif/repos/merops/merops_pdb/8gch.pdb	8gch	P00766	S01A	S01	PA	chymotrypsin A (cattle-type)	E75, E120, E213	3	71213	70120	VAL	ALA	17.646729	0.47981343	0.99787885	0.7573132	89.5326	57.83932	17.025913	17.646729	137.09718
/Users/hbk/Projects/Lab/06_FoldMotif/repos/merops/merops_pdb/1gcd.pdb	1gcd	P00766	S01A	S01	PA	chymotrypsin A (cattle-type)	E75, E120, E213	3	65120	65213	ALA	VAL	17.950031	0.6576423	0.7714206	0.9999525	53.424553	86.9549	17.15675	17.950031	139.61752
/Users/hbk/Projects/Lab/06_FoldMotif/repos/merops/merops_pdb/1gcd.pdb	1gcd	P00766	S01A	S01	PA	chymotrypsin A (cattle-type)	E75, E120, E213	3	65213	65120	VAL	ALA	17.950031	0.6576423	0.9999525	0.7714206	86.9549	53.424553	17.15675	17.950031	139.61752
/Users/hbk/Projects/Lab/06_FoldMotif/repos/merops/merops_pdb/1kxc.pdb	1kxc	P03316	S03	S03	PA	togavirin	E141, E163, E215	3	65141	65163	HIS	ASP	5.9310083	0.6716279	0.9659467	0.50562364	101.156456	100.50661	6.535775	5.9310083	32.152878
/Users/hbk/Projects/Lab/06_FoldMotif/repos/merops/merops_pdb/1kxc.pdb	1kxc	P03316	S03	S03	PA	togavirin	E141, E163, E215	3	65141	65215	HIS	SER	7.322493	-0.84492755	-0.9099159	0.66708034	96.44827	158.97462	9.097736	7.322493	101.77686
/Users/hbk/Projects/Lab/06_FoldMotif/repos/merops/merops_pdb/1kxc.pdb	1kxc	P03316	S03	S03	PA	togavirin	E141, E163, E215	3	65163	65141	ASP	HIS	5.9310083	0.6716279	0.50562364	0.9659467	100.50661	101.156456	6.535775	5.9310083	32.152878
/Users/hbk/Projects/Lab/06_FoldMotif/repos/merops/merops_pdb/1kxc.pdb	1kxc	P03316	S03	S03	PA	togavirin	E141, E163, E215	3	65163	65215	ASP	SER	8.938019	-0.928288	0.6372048	0.767483	119.88748	117.74134	10.611823	8.938019	112.16352
/Users/hbk/Projects/Lab/06_FoldMotif/repos/merops/merops_pdb/1kxc.pdb	1kxc	P03316	S03	S03	PA	togavirin	E141, E163, E215	3	65215	65141	SER	HIS	7.322493	-0.84492767	0.66708034	-0.9099159	158.97462	96.44827	9.097736	7.322493	101.77686
/Users/hbk/Projects/Lab/06_FoldMotif/repos/merops/merops_pdb/1kxc.pdb	1kxc	P03316	S03	S03	PA	togavirin	E141, E163, E215	3	65215	65163	SER	ASP	8.938019	-0.928288	0.767483	0.6372048	117.74134	119.88748	10.611823	8.938019	112.16352
/Users/hbk/Projects/Lab/06_FoldMotif/repos/merops/merops_pdb/1oxg.pdb	1oxg	P00766	S01A	S01	PA	chymotrypsin A (cattle-type)	E75, E120, E213	3	65120	65213	ALA	VAL	17.771849	0.62231463	0.8166452	0.9998411	56.43219	89.056465	17.130335	17.771849	139.41551
/Users/hbk/Projects/Lab/06_FoldMotif/repos/merops/merops_pdb/1oxg.pdb	1oxg	P00766	S01A	S01	PA	chymotrypsin A (cattle-type)	E75, E120, E213	3	65213	65120	VAL	ALA	17.771849	0.62231463	0.9998411	0.8166452	89.056465	56.43219	17.130335	17.771849	139.41551
/Users/hbk/Projects/Lab/06_FoldMotif/repos/merops/merops_pdb/1t8m.pdb	1t8m	P00766	S01A	S01	PA	chymotrypsin A (cattle-type)	E75, E120, E213	3	65120	65213	ALA	VAL	17.915453	0.3691442	0.693328	0.99969256	59.584602	86.671364	17.269629	17.915453	137.87756
/Users/hbk/Projects/Lab/06_FoldMotif/repos/merops/merops_pdb/1t8m.pdb	1t8m	P00766	S01A	S01	PA	chymotrypsin A (cattle-type)	E75, E120, E213	3	65213	65120	VAL	ALA	17.915453	0.3691442	0.99969256	0.693328	86.671364	59.584602	17.269629	17.915453	137.87756
/Users/hbk/Projects/Lab/06_FoldMotif/repos/merops/merops_pdb/1t8m.pdb	1t8m	P00766	S01A	S01	PA	chymotrypsin A (cattle-type)	E75, E120, E213	3	67120	67213	ALA	VAL	17.955929	0.39858207	0.6907047	0.9999021	58.51438	85.95312	17.264435	17.955929	138.43463
/Users/hbk/Projects/Lab/06_FoldMotif/repos/merops/merops_pdb/1t8m.pdb	1t8m	P00766	S01A	S01	PA	chymotrypsin A (cattle-type)	E75, E120, E213	3	67213	67120	VAL	ALA	17.955929	0.39858252	0.9999021	0.6907047	85.95312	58.51438	17.264435	17.955929	138.43463
/Users/hbk/Projects/Lab/06_FoldMotif/repos/merops/merops_pdb/4gch.pdb	4gch	P00766	S01A	S01	PA	chymotrypsin A (cattle-type)	E75, E120, E213	3	70120	71213	ALA	VAL	18.385283	0.8222062	0.935959	0.99480844	44.828224	94.13224	17.594881	18.385283	128.32082
/Users/hbk/Projects/Lab/06_FoldMotif/repos/merops/merops_pdb/4gch.pdb	4gch	P00766	S01A	S01	PA	chymotrypsin A (cattle-type)	E75, E120, E213	3	71213	70120	VAL	ALA	18.385283	0.8222062	0.99480844	0.935959	94.13224	44.828224	17.594881	18.385283	128.32082
/Users/hbk/Projects/Lab/06_FoldMotif/repos/merops/merops_pdb/1acb.pdb	1acb	P00766	S01A	S01	PA	chymotrypsin A (cattle-type)	E75, E120, E213	3	69120	69213	ALA	VAL	17.927076	0.3078133	0.6007861	0.99998266	57.286194	88.77715	17.276865	17.927076	133.76933
/Users/hbk/Projects/Lab/06_FoldMotif/repos/merops/merops_pdb/1acb.pdb	1acb	P00766	S01A	S01	PA	chymotrypsin A (cattle-type)	E75, E120, E213	3	69213	69120	VAL	ALA	17.927076	0.3078133	0.99998266	0.6007861	88.77715	57.286194	17.276865	17.927076	133.76933
/Users/hbk/Projects/Lab/06_FoldMotif/repos/merops/merops_pdb/2snv.pdb	2snv	P03316	S03	S03	PA	togavirin	E141, E163, E215	3	65141	65163	HIS	ASP	6.244361	0.669849	0.98103285	0.566695	97.21227	108.67229	6.972037	6.244361	35.054672
/Users/hbk/Projects/Lab/06_FoldMotif/repos/merops/merops_pdb/2snv.pdb	2snv	P03316	S03	S03	PA	togavirin	E141, E163, E215	3	65141	65215	HIS	SER	6.9640102	-0.8928454	-0.91320246	0.5918352	98.55862	163.52975	8.801582	6.9640102	101.98226
/Users/hbk/Projects/Lab/06_FoldMotif/repos/merops/merops_pdb/2snv.pdb	2snv	P03316	S03	S03	PA	togavirin	E141, E163, E215	3	65163	65141	ASP	HIS	6.244361	0.669849	0.5666954	0.98103285	108.67229	97.21227	6.972037	6.244361	35.054672
/Users/hbk/Projects/Lab/06_FoldMotif/repos/merops/merops_pdb/2snv.pdb	2snv	P03316	S03	S03	PA	togavirin	E141, E163, E215	3	65163	65215	ASP	SER	8.735045	-0.9782483	0.5402314	0.74101645	126.14718	118.484375	10.5531645	8.735045	110.81394
/Users/hbk/Projects/Lab/06_FoldMotif/repos/merops/merops_pdb/2snv.pdb	2snv	P03316	S03	S03	PA	togavirin	E141, E163, E215	3	65215	65141	SER	HIS	6.9640102	-0.8928454	0.5918352	-0.91320246	163.52975	98.55862	8.801582	6.9640102	101.98226
/Users/hbk/Projects/Lab/06_FoldMotif/repos/merops/merops_pdb/2snv.pdb	2snv	P03316	S03	S03	PA	togavirin	E141, E163, E215	3	65215	65163	SER	ASP	8.735045	-0.9782483	0.74101645	0.5402314	118.484375	126.14718	10.5531645	8.735045	110.81394
/Users/hbk/Projects/Lab/06_FoldMotif/repos/merops/merops_pdb/1bml.pdb	1bml	P00747	S01A	S01	PA	plasmin	E622, E665, E760	3	65665	65760	ALA	SER	16.88968	-0.06258018	-0.8680062	0.10476648	158.24974	74.91112	18.010384	16.88968	90.18129
/Users/hbk/Projects/Lab/06_FoldMotif/repos/merops/merops_pdb/1bml.pdb	1bml	P00747	S01A	S01	PA	plasmin	E622, E665, E760	3	65760	65665	SER	ALA	16.88968	-0.06258066	0.1047666	-0.8680062	74.91112	158.24974	18.010384	16.88968	90.18129
/Users/hbk/Projects/Lab/06_FoldMotif/repos/merops/merops_pdb/1bml.pdb	1bml	P00747	S01A	S01	PA	plasmin	E622, E665, E760	3	66665	66760	ALA	SER	16.70616	-0.0195381	-0.88611764	0.17562181	165.02371	77.021385	17.91193	16.70616	87.670586
/Users/hbk/Projects/Lab/06_FoldMotif/repos/merops/merops_pdb/1bml.pdb	1bml	P00747	S01A	S01	PA	plasmin	E622, E665, E760	3	66760	66665	SER	ALA	16.70616	-0.0195381	0.17562181	-0.88611764	77.021385	165.02371	17.91193	16.70616	87.670586
/Users/hbk/Projects/Lab/06_FoldMotif/repos/merops/merops_pdb/1p2m.pdb	1p2m	P00766	S01A	S01	PA	chymotrypsin A (cattle-type)	E75, E120, E213	3	65120	65213	ALA	VAL	17.960096	0.3482708	0.69383776	0.9994566	60.0665	86.029526	17.307024	17.960096	138.10558
/Users/hbk/Projects/Lab/06_FoldMotif/repos/merops/merops_pdb/1p2m.pdb	1p2m	P00766	S01A	S01	PA	chymotrypsin A (cattle-type)	E75, E120, E213	3	65213	65120	VAL	ALA	17.960096	0.3482708	0.9994566	0.69383776	86.029526	60.0665	17.307024	17.960096	138.10558
/Users/hbk/Projects/Lab/06_FoldMotif/repos/merops/merops_pdb/1p2m.pdb	1p2m	P00766	S01A	S01	PA	chymotrypsin A (cattle-type)	E75, E120, E213	3	67120	67213	ALA	VAL	17.972134	0.38798577	0.69506985	0.99990284	58.926933	86.39837	17.300776	17.972134	138.11957
/Users/hbk/Projects/Lab/06_FoldMotif/repos/merops/merops_pdb/1p2m.pdb	1p2m	P00766	S01A	S01	PA	chymotrypsin A (cattle-type)	E75, E120, E213	3	67213	67120	VAL	ALA	17.972134	0.38798577	0.99990284	0.69506985	86.39837	58.926933	17.300776	17.972134	138.11957
/Users/hbk/Projects/Lab/06_FoldMotif/repos/merops/merops_pdb/1vgc.pdb	1vgc	P00766	S01A	S01	PA	chymotrypsin A (cattle-type)	E75, E120, E213	3	66120	67213	ALA	VAL	18.130081	0.5480805	0.74909914	0.9999653	54.745434	88.139404	17.407751	18.130081	137.45946
/Users/hbk/Projects/Lab/06_FoldMotif/repos/merops/merops_pdb/1vgc.pdb	1vgc	P00766	S01A	S01	PA	chymotrypsin A (cattle-type)	E75, E120, E213	3	67213	66120	VAL	ALA	18.130081	0.5480805	0.9999653	0.74909914	88.139404	54.745434	17.407751	18.130081	137.45946
/Users/hbk/Projects/Lab/06_FoldMotif/repos/merops/merops_pdb/1p2n.pdb	1p2n	P00766	S01A	S01	PA	chymotrypsin A (cattle-type)	E75, E120, E213	3	65120	65213	ALA	VAL	17.953701	0.35994673	0.6918996	0.99939805	59.65719	85.7998	17.285608	17.953701	138.30856
/Users/hbk/Projects/Lab/06_FoldMotif/repos/merops/merops_pdb/1p2n.pdb	1p2n	P00766	S01A	S01	PA	chymotrypsin A (cattle-type)	E75, E120, E213	3	65213	65120	VAL	ALA	17.953701	0.35994673	0.99939805	0.6918996	85.7998	59.65719	17.285608	17.953701	138.30856
/Users/hbk/Projects/Lab/06_FoldMotif/repos/merops/merops_pdb/1p2n.pdb	1p2n	P00766	S01A	S01	PA	chymotrypsin A (cattle-type)	E75, E120, E213	3	67120	67213	ALA	VAL	17.97617	0.42445964	0.6882674	0.99919516	59.25692	85.73886	17.29649	17.97617	139.58023
/Users/hbk/Projects/Lab/06_FoldMotif/repos/merops/merops_pdb/1p2n.pdb	1p2n	P00766	S01A	S01	PA	chymotrypsin A (cattle-type)	E75, E120, E213	3	67213	67120	VAL	ALA	17.97617	0.42445964	0.99919516	0.68826705	85.73886	59.25692	17.29649	17.97617	139.58023
/Users/hbk/Projects/Lab/06_FoldMotif/repos/merops/merops_pdb/1p2o.pdb	1p2o	P00766	S01A	S01	PA	chymotrypsin A (cattle-type)	E75, E120, E213	3	65120	65213	ALA	VAL	17.921307	0.35431656	0.6683238	0.998747	60.209053	87.92677	17.322594	17.921307	137.02509
/Users/hbk/Projects/Lab/06_FoldMotif/repos/merops/merops_pdb/1p2o.pdb	1p2o	P00766	S01A	S01	PA	chymotrypsin A (cattle-type)	E75, E120, E213	3	65213	65120	VAL	ALA	17.921307	0.35431656	0.998747	0.6683238	87.92677	60.209053	17.322594	17.921307	137.02509
/Users/hbk/Projects/Lab/06_FoldMotif/repos/merops/merops_pdb/1p2o.pdb	1p2o	P00766	S01A	S01	PA	chymotrypsin A (cattle-type)	E75, E120, E213	3	67120	67213	ALA	VAL	17.972431	0.38041058	0.68280494	0.99968445	60.726974	87.14002	17.366734	17.972431	138.43375
/Users/hbk/Projects/Lab/06_FoldMotif/repos/merops/merops_pdb/1p2o.pdb	1p2o	P00766	S01A	S01	PA	chymotrypsin A (cattle-type)	E75, E120, E213	3	67213	67120	VAL	ALA	17.972431	0.38041058	0.99968445	0.68280494	87.14002	60.726974	17.366734	17.972431	138.43375
/Users/hbk/Projects/Lab/06_FoldMotif/repos/merops/merops_pdb/1a0h.pdb	1a0h	P00735	S01A	S01	PA	thrombin	E409, E465, E571	3	66409	66571	ARG	GLN	16.483988	0.8874419	0.29894364	0.12450744	97.59663	72.6911	16.23237	16.483988	16.533741
/Users/hbk/Projects/Lab/06_FoldMotif/repos/merops/merops_pdb/1a0h.pdb	1a0h	P00735	S01A	S01	PA	thrombin	E409, E465, E571	3	66571	66409	GLN	ARG	16.483988	0.8874419	0.12450732	0.29894364	72.6911	97.59663	16.23237	16.483988	16.533741
/Users/hbk/Projects/Lab/06_FoldMotif/repos/merops/merops_pdb/1a0h.pdb	1a0h	P00735	S01A	S01	PA	thrombin	E409, E465, E571	3	69409	69571	ARG	GLN	16.565979	0.8807675	0.33396232	0.10887013	96.40921	69.782104	16.21025	16.565979	19.460009
/Users/hbk/Projects/Lab/06_FoldMotif/repos/merops/merops_pdb/1a0h.pdb	1a0h	P00735	S01A	S01	PA	thrombin	E409, E465, E571	3	69571	69409	GLN	ARG	16.565979	0.88076746	0.10887013	0.33396232	69.782104	96.40921	16.21025	16.565979	19.460009
/Users/hbk/Projects/Lab/06_FoldMotif/repos/merops/merops_pdb/1cgi.pdb	1cgi	P00766	S01A	S01	PA	chymotrypsin A (cattle-type)	E75, E120, E213	3	69120	69213	ALA	VAL	18.107353	0.13632819	0.7351253	0.9983161	62.36094	82.02363	17.401798	18.107353	136.52422
/Users/hbk/Projects/Lab/06_FoldMotif/repos/merops/merops_pdb/1cgi.pdb	1cgi	P00766	S01A	S01	PA	chymotrypsin A (cattle-type)	E75, E120, E213	3	69213	69120	VAL	ALA	18.107353	0.13632819	0.9983161	0.7351253	82.02363	62.36094	17.401798	18.107353	136.52422
/Users/hbk/Projects/Lab/06_FoldMotif/repos/merops/merops_pdb/1l4z.pdb	1l4z	P00747	S01A	S01	PA	plasmin	E622, E665, E760	3	65665	65760	ALA	SER	17.543497	-0.95121765	-0.9078417	0.30061826	164.0019	49.24083	18.064304	17.543497	53.487953
/Users/hbk/Projects/Lab/06_FoldMotif/repos/merops/merops_pdb/1l4z.pdb	1l4z	P00747	S01A	S01	PA	plasmin	E622, E665, E760	3	65760	65665	SER	ALA	17.543497	-0.95121765	0.30061805	-0.9078417	49.24083	164.0019	18.064304	17.543497	53.487953
/Users/hbk/Projects/Lab/06_FoldMotif/repos/merops/merops_pdb/2gmt.pdb	2gmt	P00766	S01A	S01	PA	chymotrypsin A (cattle-type)	E75, E120, E213	3	66120	67213	ALA	VAL	17.784248	-0.04387685	0.5539645	0.9999177	59.80577	92.534355	17.300705	17.784248	125.08482
/Users/hbk/Projects/Lab/06_FoldMotif/repos/merops/merops_pdb/2gmt.pdb	2gmt	P00766	S01A	S01	PA	chymotrypsin A (cattle-type)	E75, E120, E213	3	67213	66120	VAL	ALA	17.784248	-0.04387685	0.9999177	0.5539645	92.534355	59.80577	17.300705	17.784248	125.08482
/Users/hbk/Projects/Lab/06_FoldMotif/repos/merops/merops_pdb/2gch.pdb	2gch	P00766	S01A	S01	PA	chymotrypsin A (cattle-type)	E75, E120, E213	3	70120	71213	ALA	VAL	17.955412	0.5849407	0.7838309	0.95189166	48.913483	95.946335	17.29607	17.955412	126.81778
/Users/hbk/Projects/Lab/06_FoldMotif/repos/merops/merops_pdb/2gch.pdb	2gch	P00766	S01A	S01	PA	chymotrypsin A (cattle-type)	E75, E120, E213	3	71213	70120	VAL	ALA	17.955412	0.58494025	0.9518917	0.7838309	95.946335	48.913483	17.29607	17.955412	126.81778
/Users/hbk/Projects/Lab/06_FoldMotif/repos/merops/merops_pdb/1ghb.pdb	1ghb	P00766	S01A	S01	PA	chymotrypsin A (cattle-type)	E75, E120, E213	3	70120	71213	ALA	VAL	18.156496	0.49192792	0.61089593	0.9991446	54.645172	89.82756	17.47913	18.156496	134.92268
/Users/hbk/Projects/Lab/06_FoldMotif/repos/merops/merops_pdb/1ghb.pdb	1ghb	P00766	S01A	S01	PA	chymotrypsin A (cattle-type)	E75, E120, E213	3	71213	70120	VAL	ALA	18.156496	0.49192792	0.9991446	0.61089593	89.82756	54.645172	17.47913	18.156496	134.92268
/Users/hbk/Projects/Lab/06_FoldMotif/repos/merops/merops_pdb/3vgc.pdb	3vgc	P00766	S01A	S01	PA	chymotrypsin A (cattle-type)	E75, E120, E213	3	66120	67213	ALA	VAL	18.160837	0.5031157	0.71356773	0.99963355	56.073677	85.89108	17.40399	18.160837	139.24237
/Users/hbk/Projects/Lab/06_FoldMotif/repos/merops/merops_pdb/3vgc.pdb	3vgc	P00766	S01A	S01	PA	chymotrypsin A (cattle-type)	E75, E120, E213	3	67213	66120	VAL	ALA	18.160837	0.5031157	0.99963355	0.71356773	85.89108	56.073677	17.40399	18.160837	139.24237
/Users/hbk/Projects/Lab/06_FoldMotif/repos/merops/merops_pdb/1chg.pdb	1chg	P00766	S01A	S01	PA	chymotrypsin A (cattle-type)	E75, E120, E213	3	65120	65213	ALA	VAL	17.837996	-0.1754675	0.39690647	0.99070334	65.60537	82.82987	17.206232	17.837996	129.17824
/Users/hbk/Projects/Lab/06_FoldMotif/repos/merops/merops_pdb/1chg.pdb	1chg	P00766	S01A	S01	PA	chymotrypsin A (cattle-type)	E75, E120, E213	3	65213	65120	VAL	ALA	17.837996	-0.1754675	0.99070334	0.39690647	82.82987	65.60537	17.206232	17.837996	129.17824
/Users/hbk/Projects/Lab/06_FoldMotif/repos/merops/merops_pdb/1dlk.pdb	1dlk	P00766	S01A	S01	PA	chymotrypsin A (cattle-type)	E75, E120, E213	3	66120	66213	ALA	VAL	17.956959	0.7290211	0.86275065	0.99961734	56.15003	85.96271	17.21745	17.956959	144.04626
/Users/hbk/Projects/Lab/06_FoldMotif/repos/merops/merops_pdb/1dlk.pdb	1dlk	P00766	S01A	S01	PA	chymotrypsin A (cattle-type)	E75, E120, E213	3	66213	66120	VAL	ALA	17.956959	0.7290208	0.99961734	0.86275065	85.96271	56.15003	17.21745	17.956959	144.04626
/Users/hbk/Projects/Lab/06_FoldMotif/repos/merops/merops_pdb/1dlk.pdb	1dlk	P00766	S01A	S01	PA	chymotrypsin A (cattle-type)	E75, E120, E213	3	68120	68213	ALA	VAL	18.095928	0.5365406	0.7787036	0.9915495	54.091534	85.37689	17.268055	18.095928	139.01628
/Users/hbk/Projects/Lab/06_FoldMotif/repos/merops/merops_pdb/1dlk.pdb	1dlk	P00766	S01A	S01	PA	chymotrypsin A (cattle-type)	E75, E120, E213	3	68213	68120	VAL	ALA	18.095928	0.5365406	0.9915495	0.7787036	85.37689	54.091534	17.268055	18.095928	139.01628
/Users/hbk/Projects/Lab/06_FoldMotif/repos/merops/merops_pdb/1cgj.pdb	1cgj	P00766	S01A	S01	PA	chymotrypsin A (cattle-type)	E75, E120, E213	3	69120	69213	ALA	VAL	17.990519	0.4425188	0.7760866	0.99989694	61.34702	81.321396	17.2479	17.990519	144.00694
/Users/hbk/Projects/Lab/06_FoldMotif/repos/merops/merops_pdb/1cgj.pdb	1cgj	P00766	S01A	S01	PA	chymotrypsin A (cattle-type)	E75, E120, E213	3	69213	69120	VAL	ALA	17.990519	0.4425188	0.99989694	0.7760866	81.321396	61.34702	17.2479	17.990519	144.00694
/Users/hbk/Projects/Lab/06_FoldMotif/repos/merops/merops_pdb/1gha.pdb	1gha	P00766	S01A	S01	PA	chymotrypsin A (cattle-type)	E75, E120, E213	3	70120	71213	ALA	VAL	18.141075	0.6497028	0.74772185	0.9969647	55.183327	86.29702	17.386473	18.141075	141.34724
/Users/hbk/Projects/Lab/06_FoldMotif/repos/merops/merops_pdb/1gha.pdb	1gha	P00766	S01A	S01	PA	chymotrypsin A (cattle-type)	E75, E120, E213	3	71213	70120	VAL	ALA	18.141075	0.6497028	0.9969647	0.74772185	86.29702	55.183327	17.386473	18.141075	141.34724
/Users/hbk/Projects/Lab/06_FoldMotif/repos/merops/merops_pdb/1n8o.pdb	1n8o	P00766	S01A	S01	PA	chymotrypsin A (cattle-type)	E75, E120, E213	3	66120	67213	ALA	VAL	18.282087	0.48660234	0.7421099	0.99910194	53.73062	85.01475	17.462143	18.282087	138.06314
/Users/hbk/Projects/Lab/06_FoldMotif/repos/merops/merops_pdb/1n8o.pdb	1n8o	P00766	S01A	S01	PA	chymotrypsin A (cattle-type)	E75, E120, E213	3	67213	66120	VAL	ALA	18.282087	0.48660234	0.99910194	0.7421099	85.01475	53.73062	17.462143	18.282087	138.06314
/Users/hbk/Projects/Lab/06_FoldMotif/repos/merops/merops_pdb/1n8o.pdb	1n8o	P00766	S01A	S01	PA	chymotrypsin A (cattle-type)	E75, E120, E213	3	6975	69120	ASP	PRO	7.734811	-0.9079437	-0.3811707	0.40223467	46.130386	103.842	7.314751	7.734811	89.10465
/Users/hbk/Projects/Lab/06_FoldMotif/repos/merops/merops_pdb/1n8o.pdb	1n8o	P00766	S01A	S01	PA	chymotrypsin A (cattle-type)	E75, E120, E213	3	69120	6975	PRO	ASP	7.734811	-0.9079437	0.40223467	-0.3811707	103.842	46.130386	7.314751	7.734811	89.10465
/Users/hbk/Projects/Lab/06_FoldMotif/repos/merops/merops_pdb/1k2i.pdb	1k2i	P00766	S01A	S01	PA	chymotrypsin A (cattle-type)	E75, E120, E213	3	49120	49213	ALA	VAL	18.112741	0.3997267	0.6771806	0.9999791	59.10523	86.486626	17.449276	18.112741	138.41695
/Users/hbk/Projects/Lab/06_FoldMotif/repos/merops/merops_pdb/1k2i.pdb	1k2i	P00766	S01A	S01	PA	chymotrypsin A (cattle-type)	E75, E120, E213	3	49213	49120	VAL	ALA	18.112741	0.3997267	0.9999791	0.6771806	86.486626	59.10523	17.449276	18.112741	138.41695
/Users/hbk/Projects/Lab/06_FoldMotif/repos/merops/merops_pdb/6cha.pdb	6cha	P00766	S01A	S01	PA	chymotrypsin A (cattle-type)	E75, E120, E213	3	66120	67213	ALA	VAL	18.18838	0.40850013	0.56336623	0.9936905	63.442978	85.802376	17.598112	18.18838	141.38567
/Users/hbk/Projects/Lab/06_FoldMotif/repos/merops/merops_pdb/6cha.pdb	6cha	P00766	S01A	S01	PA	chymotrypsin A (cattle-type)	E75, E120, E213	3	67213	66120	VAL	ALA	18.18838	0.40850013	0.99369055	0.56336623	85.802376	63.442978	17.598112	18.18838	141.38567
/Users/hbk/Projects/Lab/06_FoldMotif/repos/merops/merops_pdb/6cha.pdb	6cha	P00766	S01A	S01	PA	chymotrypsin A (cattle-type)	E75, E120, E213	3	70120	71213	ALA	VAL	17.804827	0.009647232	0.45751223	0.99989134	72.75126	87.317825	17.488335	17.804827	133.76385
/Users/hbk/Projects/Lab/06_FoldMotif/repos/merops/merops_pdb/6cha.pdb	6cha	P00766	S01A	S01	PA	chymotrypsin A (cattle-type)	E75, E120, E213	3	71213	70120	VAL	ALA	17.804827	0.009647232	0.99989134	0.45751223	87.317825	72.75126	17.488335	17.804827	133.76385
/Users/hbk/Projects/Lab/06_FoldMotif/repos/merops/merops_pdb/1svp.pdb	1svp	P03316	S03	S03	PA	togavirin	E141, E163, E215	3	65141	65163	HIS	ASP	5.7086487	0.71375525	0.93881667	0.75128037	100.89265	110.05617	6.5549164	5.7086487	37.9014
/Users/hbk/Projects/Lab/06_FoldMotif/repos/merops/merops_pdb/1svp.pdb	1svp	P03316	S03	S03	PA	togavirin	E141, E163, E215	3	65141	65215	HIS	ALA	7.1108065	-0.42648166	-0.8960111	0.7202013	97.34119	163.8453	8.879628	7.1108065	88.5652
/Users/hbk/Projects/Lab/06_FoldMotif/repos/merops/merops_pdb/1svp.pdb	1svp	P03316	S03	S03	PA	togavirin	E141, E163, E215	3	65163	65141	ASP	HIS	5.7086487	0.71375525	0.75128037	0.9388167	110.05617	100.89265	6.5549164	5.7086487	37.9014
/Users/hbk/Projects/Lab/06_FoldMotif/repos/merops/merops_pdb/1svp.pdb	1svp	P03316	S03	S03	PA	togavirin	E141, E163, E215	3	65163	65215	ASP	ALA	8.769576	-0.8768624	0.21707475	0.9213831	124.64721	126.74515	10.672751	8.769576	100.16901
/Users/hbk/Projects/Lab/06_FoldMotif/repos/merops/merops_pdb/1svp.pdb	1svp	P03316	S03	S03	PA	togavirin	E141, E163, E215	3	65215	65141	ALA	HIS	7.1108065	-0.42648166	0.7202013	-0.8960111	163.8453	97.34119	8.879628	7.1108065	88.5652
/Users/hbk/Projects/Lab/06_FoldMotif/repos/merops/merops_pdb/1svp.pdb	1svp	P03316	S03	S03	PA	togavirin	E141, E163, E215	3	65215	65163	ALA	ASP	8.769576	-0.8768624	0.9213831	0.21707475	126.74515	124.64721	10.672751	8.769576	100.16901
/Users/hbk/Projects/Lab/06_FoldMotif/repos/merops/merops_pdb/1svp.pdb	1svp	P03316	S03	S03	PA	togavirin	E141, E163, E215	3	66141	66163	HIS	ASP	5.7326493	0.743986	0.9264669	0.72831404	101.70931	107.94932	6.5416307	5.7326493	36.164413
/Users/hbk/Projects/Lab/06_FoldMotif/repos/merops/merops_pdb/1svp.pdb	1svp	P03316	S03	S03	PA	togavirin	E141, E163, E215	3	66141	66215	HIS	ALA	6.959354	-0.99670714	-0.9458405	0.9743918	96.126045	159.22453	8.709466	6.959354	94.90286
/Users/hbk/Projects/Lab/06_FoldMotif/repos/merops/merops_pdb/1svp.pdb	1svp	P03316	S03	S03	PA	togavirin	E141, E163, E215	3	66163	66141	ASP	HIS	5.7326493	0.743986	0.72831404	0.92646694	107.94932	101.70931	6.5416307	5.7326493	36.164413
/Users/hbk/Projects/Lab/06_FoldMotif/repos/merops/merops_pdb/1svp.pdb	1svp	P03316	S03	S03	PA	togavirin	E141, E163, E215	3	66163	66215	ASP	ALA	9.039576	-0.9945966	0.42884725	0.83228385	122.168015	120.31762	10.784396	9.039576	103.34255
/Users/hbk/Projects/Lab/06_FoldMotif/repos/merops/merops_pdb/1svp.pdb	1svp	P03316	S03	S03	PA	togavirin	E141, E163, E215	3	66215	66141	ALA	HIS	6.959354	-0.99670714	0.9743918	-0.9458405	159.22453	96.126045	8.709466	6.959354	94.90286
/Users/hbk/Projects/Lab/06_FoldMotif/repos/merops/merops_pdb/1svp.pdb	1svp	P03316	S03	S03	PA	togavirin	E141, E163, E215	3	66215	66163	ALA	ASP	9.039576	-0.9945966	0.83228385	0.42884725	120.31762	122.168015	10.784396	9.039576	103.34255
/Users/hbk/Projects/Lab/06_FoldMotif/repos/merops/merops_pdb/7gch.pdb	7gch	P00766	S01A	S01	PA	chymotrypsin A (cattle-type)	E75, E120, E213	3	70120	71213	ALA	VAL	18.22938	0.8425015	0.9217269	0.9986782	51.034515	84.76574	17.333801	18.22938	143.18164
/Users/hbk/Projects/Lab/06_FoldMotif/repos/merops/merops_pdb/7gch.pdb	7gch	P00766	S01A	S01	PA	chymotrypsin A (cattle-type)	E75, E120, E213	3	71213	70120	VAL	ALA	18.22938	0.8425015	0.9986782	0.9217269	84.76574	51.034515	17.333801	18.22938	143.18164
/Users/hbk/Projects/Lab/06_FoldMotif/repos/merops/merops_pdb/1p2q.pdb	1p2q	P00766	S01A	S01	PA	chymotrypsin A (cattle-type)	E75, E120, E213	3	65120	65213	ALA	VAL	17.880161	0.34851572	0.68575186	0.99990654	59.805943	86.91227	17.245787	17.880161	137.37373
/Users/hbk/Projects/Lab/06_FoldMotif/repos/merops/merops_pdb/1p2q.pdb	1p2q	P00766	S01A	S01	PA	chymotrypsin A (cattle-type)	E75, E120, E213	3	65213	65120	VAL	ALA	17.880161	0.34851572	0.99990654	0.68575186	86.91227	59.805943	17.245787	17.880161	137.37373
/Users/hbk/Projects/Lab/06_FoldMotif/repos/merops/merops_pdb/1p2q.pdb	1p2q	P00766	S01A	S01	PA	chymotrypsin A (cattle-type)	E75, E120, E213	3	67120	67213	ALA	VAL	17.845125	0.34552303	0.6811578	0.9994033	59.849007	86.81338	17.2095	17.845125	137.39795
/Users/hbk/Projects/Lab/06_FoldMotif/repos/merops/merops_pdb/1p2q.pdb	1p2q	P00766	S01A	S01	PA	chymotrypsin A (cattle-type)	E75, E120, E213	3	67213	67120	VAL	ALA	17.845125	0.34552303	0.9994033	0.6811578	86.81338	59.849007	17.2095	17.845125	137.39795
/Users/hbk/Projects/Lab/06_FoldMotif/repos/merops/merops_pdb/1gg6.pdb	1gg6	P00766	S01A	S01	PA	chymotrypsin A (cattle-type)	E75, E120, E213	3	66120	67213	ALA	VAL	17.964085	0.40760118	0.66188276	0.9997396	58.62745	86.64367	17.29645	17.964085	138.20442
/Users/hbk/Projects/Lab/06_FoldMotif/repos/merops/merops_pdb/1gg6.pdb	1gg6	P00766	S01A	S01	PA	chymotrypsin A (cattle-type)	E75, E120, E213	3	67213	66120	VAL	ALA	17.964085	0.40760118	0.9997396	0.66188276	86.64367	58.62745	17.29645	17.964085	138.20442
/Users/hbk/Projects/Lab/06_FoldMotif/repos/merops/merops_pdb/1afq.pdb	1afq	P00766	S01A	S01	PA	chymotrypsin A (cattle-type)	E75, E120, E213	3	66120	67213	ALA	VAL	18.179548	0.38192794	0.65758264	0.999896	59.59826	85.402374	17.498377	18.179548	139.04309
/Users/hbk/Projects/Lab/06_FoldMotif/repos/merops/merops_pdb/1afq.pdb	1afq	P00766	S01A	S01	PA	chymotrypsin A (cattle-type)	E75, E120, E213	3	67213	66120	VAL	ALA	18.179548	0.38192794	0.999896	0.65758264	85.402374	59.59826	17.498377	18.179548	139.04309
/Users/hbk/Projects/Lab/06_FoldMotif/repos/merops/merops_pdb/1cho.pdb	1cho	P00766	S01A	S01	PA	chymotrypsin A (cattle-type)	E75, E120, E213	3	70120	71213	ALA	VAL	18.17401	0.5893094	0.68788785	0.99996614	56.5897	86.379295	17.451405	18.17401	141.02417
/Users/hbk/Projects/Lab/06_FoldMotif/repos/merops/merops_pdb/1cho.pdb	1cho	P00766	S01A	S01	PA	chymotrypsin A (cattle-type)	E75, E120, E213	3	71213	70120	VAL	ALA	18.17401	0.5893094	0.99996614	0.68788785	86.379295	56.5897	17.451405	18.17401	141.02417
/Users/hbk/Projects/Lab/06_FoldMotif/repos/merops/merops_pdb/1l4d.pdb	1l4d	P00747	S01A	S01	PA	plasmin	E622, E665, E760	3	65665	65760	ALA	SER	17.39565	-0.9825625	-0.7837081	0.07383995	158.9353	51.967873	17.914078	17.39565	56.735996
/Users/hbk/Projects/Lab/06_FoldMotif/repos/merops/merops_pdb/1l4d.pdb	1l4d	P00747	S01A	S01	PA	plasmin	E622, E665, E760	3	65760	65665	SER	ALA	17.39565	-0.9825625	0.07383995	-0.7837083	51.967873	158.9353	17.914078	17.39565	56.735996
/Users/hbk/Projects/Lab/06_FoldMotif/repos/merops/merops_pdb/5gch.pdb	5gch	P00766	S01A	S01	PA	chymotrypsin A (cattle-type)	E75, E120, E213	3	70120	71213	ALA	VAL	18.55089	0.9418217	0.96519643	0.98789114	41.271584	93.06128	17.636944	18.55089	127.50992
/Users/hbk/Projects/Lab/06_FoldMotif/repos/merops/merops_pdb/5gch.pdb	5gch	P00766	S01A	S01	PA	chymotrypsin A (cattle-type)	E75, E120, E213	3	71213	70120	VAL	ALA	18.55089	0.9418217	0.98789114	0.96519643	93.06128	41.271584	17.636944	18.55089	127.50992
/Users/hbk/Projects/Lab/06_FoldMotif/repos/merops/merops_pdb/1ggd.pdb	1ggd	P00766	S01A	S01	PA	chymotrypsin A (cattle-type)	E75, E120, E213	3	66120	67213	ALA	VAL	18.044943	0.43083546	0.668644	0.9997419	59.185352	86.19993	17.377842	18.044943	139.35599
/Users/hbk/Projects/Lab/06_FoldMotif/repos/merops/merops_pdb/1ggd.pdb	1ggd	P00766	S01A	S01	PA	chymotrypsin A (cattle-type)	E75, E120, E213	3	67213	66120	VAL	ALA	18.044943	0.43083546	0.9997419	0.668644	86.19993	59.185352	17.377842	18.044943	139.35599
/Users/hbk/Projects/Lab/06_FoldMotif/repos/merops/merops_pdb/4vgc.pdb	4vgc	P00766	S01A	S01	PA	chymotrypsin A (cattle-type)	E75, E120, E213	3	66120	67213	ALA	VAL	18.44101	0.5684891	0.74586856	0.9998279	54.92485	82.82063	17.58423	18.44101	142.26874
/Users/hbk/Projects/Lab/06_FoldMotif/repos/merops/merops_pdb/4vgc.pdb	4vgc	P00766	S01A	S01	PA	chymotrypsin A (cattle-type)	E75, E120, E213	3	67213	66120	VAL	ALA	18.44101	0.5684891	0.9998279	0.74586856	82.82063	54.92485	17.58423	18.44101	142.26874
/Users/hbk/Projects/Lab/06_FoldMotif/repos/merops/merops_pdb/1kdq.pdb	1kdq	P07338	S01A	S01	PA	chymotrypsin B	E75, E120, E213	3	65120	66213	ALA	VAL	18.044783	0.1572874	0.7941701	0.9948829	61.88811	88.97795	17.505352	18.044783	132.78471
/Users/hbk/Projects/Lab/06_FoldMotif/repos/merops/merops_pdb/1kdq.pdb	1kdq	P07338	S01A	S01	PA	chymotrypsin B	E75, E120, E213	3	66213	65120	VAL	ALA	18.044783	0.1572874	0.9948829	0.7941701	88.97795	61.88811	17.505352	18.044783	132.78471
/Users/hbk/Projects/Lab/06_FoldMotif/repos/merops/merops_pdb/1rjx.pdb	1rjx	P00747	S01A	S01	PA	plasmin	E622, E665, E760	3	66665	66760	ALA	SER	17.124678	-0.31208295	-0.46661058	0.054478798	167.30197	74.27897	18.252626	17.124678	81.93863
/Users/hbk/Projects/Lab/06_FoldMotif/repos/merops/merops_pdb/1rjx.pdb	1rjx	P00747	S01A	S01	PA	plasmin	E622, E665, E760	3	66760	66665	SER	ALA	17.124678	-0.31208342	0.05447868	-0.46661058	74.27897	167.30197	18.252626	17.124678	81.93863
/Users/hbk/Projects/Lab/06_FoldMotif/repos/merops/merops_pdb/1wyk.pdb	1wyk	P27285	S03	S03	PA	togavirin	E141, E163, E215	3	65141	65163	HIS	ASP	5.569316	0.79697067	0.89353985	0.7610212	101.185844	110.46206	6.4233313	5.569316	36.54504
/Users/hbk/Projects/Lab/06_FoldMotif/repos/merops/merops_pdb/1wyk.pdb	1wyk	P27285	S03	S03	PA	togavirin	E141, E163, E215	3	65141	65215	HIS	SER	7.166813	-0.904785	-0.84631187	0.9998436	100.49393	167.99371	9.066608	7.166813	97.67294
/Users/hbk/Projects/Lab/06_FoldMotif/repos/merops/merops_pdb/1wyk.pdb	1wyk	P27285	S03	S03	PA	togavirin	E141, E163, E215	3	65163	65141	ASP	HIS	5.569316	0.79697067	0.7610212	0.89353985	110.46206	101.185844	6.4233313	5.569316	36.54504
/Users/hbk/Projects/Lab/06_FoldMotif/repos/merops/merops_pdb/1wyk.pdb	1wyk	P27285	S03	S03	PA	togavirin	E141, E163, E215	3	65163	65215	ASP	SER	8.709747	-0.9586038	0.1466526	0.8019826	124.41265	129.18672	10.666523	8.709747	105.37254
/Users/hbk/Projects/Lab/06_FoldMotif/repos/merops/merops_pdb/1wyk.pdb	1wyk	P27285	S03	S03	PA	togavirin	E141, E163, E215	3	65215	65141	SER	HIS	7.166813	-0.904785	0.9998436	-0.84631187	167.99371	100.49393	9.066608	7.166813	97.67294
/Users/hbk/Projects/Lab/06_FoldMotif/repos/merops/merops_pdb/1wyk.pdb	1wyk	P27285	S03	S03	PA	togavirin	E141, E163, E215	3	65215	65163	SER	ASP	8.709747	-0.9586038	0.8019826	0.1466526	129.18672	124.41265	10.666523	8.709747	105.37254
/Users/hbk/Projects/Lab/06_FoldMotif/repos/merops/merops_pdb/1wyk.pdb	1wyk	P27285	S03	S03	PA	togavirin	E141, E163, E215	3	66141	66163	HIS	ASP	5.7780943	0.7669962	0.8748666	0.7074293	98.63469	108.11576	6.508938	5.7780943	33.222935
/Users/hbk/Projects/Lab/06_FoldMotif/repos/merops/merops_pdb/1wyk.pdb	1wyk	P27285	S03	S03	PA	togavirin	E141, E163, E215	3	66141	66215	HIS	SER	7.0455756	0.16974032	-0.81118226	0.34133488	101.70928	165.92197	8.92649	7.0455756	90.842094
/Users/hbk/Projects/Lab/06_FoldMotif/repos/merops/merops_pdb/1wyk.pdb	1wyk	P27285	S03	S03	PA	togavirin	E141, E163, E215	3	66163	66141	ASP	HIS	5.7780943	0.76699615	0.70742965	0.8748666	108.11576	98.63469	6.508938	5.7780943	33.222935
/Users/hbk/Projects/Lab/06_FoldMotif/repos/merops/merops_pdb/1wyk.pdb	1wyk	P27285	S03	S03	PA	togavirin	E141, E163, E215	3	66163	66215	ASP	SER	8.709706	-0.9026154	0.32956484	0.91729194	125.40308	129.94485	10.691866	8.709706	103.53635
/Users/hbk/Projects/Lab/06_FoldMotif/repos/merops/merops_pdb/1wyk.pdb	1wyk	P27285	S03	S03	PA	togavirin	E141, E163, E215	3	66215	66141	SER	HIS	7.0455756	0.16974032	0.34133488	-0.81118226	165.92197	101.70928	8.92649	7.0455756	90.842094
/Users/hbk/Projects/Lab/06_FoldMotif/repos/merops/merops_pdb/1wyk.pdb	1wyk	P27285	S03	S03	PA	togavirin	E141, E163, E215	3	66215	66163	SER	ASP	8.709706	-0.90261537	0.91729194	0.32956484	129.94485	125.40308	10.691866	8.709706	103.53635
/Users/hbk/Projects/Lab/06_FoldMotif/repos/merops/merops_pdb/1wyk.pdb	1wyk	P27285	S03	S03	PA	togavirin	E141, E163, E215	3	67141	67163	HIS	ASP	5.774935	0.7877766	0.87898016	0.7040991	98.44108	108.14241	6.498318	5.774935	32.54035
/Users/hbk/Projects/Lab/06_FoldMotif/repos/merops/merops_pdb/1wyk.pdb	1wyk	P27285	S03	S03	PA	togavirin	E141, E163, E215	3	67141	67215	HIS	SER	7.044736	0.15200914	-0.8205961	0.35881338	102.31678	165.277	8.937674	7.044736	91.02379
/Users/hbk/Projects/Lab/06_FoldMotif/repos/merops/merops_pdb/1wyk.pdb	1wyk	P27285	S03	S03	PA	togavirin	E141, E163, E215	3	67141	68163	HIS	ASP	19.61476	-0.06465266	0.67742616	-0.5028235	81.02971	19.403898	17.970707	19.61476	85.56355
/Users/hbk/Projects/Lab/06_FoldMotif/repos/merops/merops_pdb/1wyk.pdb	1wyk	P27285	S03	S03	PA	togavirin	E141, E163, E215	3	67163	67141	ASP	HIS	5.774935	0.7877765	0.7040991	0.87898016	108.14241	98.44108	6.498318	5.774935	32.54035
/Users/hbk/Projects/Lab/06_FoldMotif/repos/merops/merops_pdb/1wyk.pdb	1wyk	P27285	S03	S03	PA	togavirin	E141, E163, E215	3	67163	67215	ASP	SER	8.721128	-0.89322376	0.3366793	0.92370445	125.17419	129.44803	10.688674	8.721128	102.71926
/Users/hbk/Projects/Lab/06_FoldMotif/repos/merops/merops_pdb/1wyk.pdb	1wyk	P27285	S03	S03	PA	togavirin	E141, E163, E215	3	67215	67141	SER	HIS	7.044736	0.15200903	0.35881338	-0.8205961	165.277	102.31678	8.937674	7.044736	91.02379
/Users/hbk/Projects/Lab/06_FoldMotif/repos/merops/merops_pdb/1wyk.pdb	1wyk	P27285	S03	S03	PA	togavirin	E141, E163, E215	3	67215	67163	SER	ASP	8.721128	-0.89322376	0.92370445	0.3366793	129.44803	125.17419	10.688674	8.721128	102.71926
/Users/hbk/Projects/Lab/06_FoldMotif/repos/merops/merops_pdb/1wyk.pdb	1wyk	P27285	S03	S03	PA	togavirin	E141, E163, E215	3	68141	68163	HIS	ASP	5.5618477	0.7903089	0.898566	0.755775	100.880325	111.14574	6.426676	5.5618477	37.016342
/Users/hbk/Projects/Lab/06_FoldMotif/repos/merops/merops_pdb/1wyk.pdb	1wyk	P27285	S03	S03	PA	togavirin	E141, E163, E215	3	68141	68215	HIS	SER	7.1663904	-0.9592051	-0.84653497	0.9922115	100.17043	168.51646	9.071824	7.1663904	98.34049
/Users/hbk/Projects/Lab/06_FoldMotif/repos/merops/merops_pdb/1wyk.pdb	1wyk	P27285	S03	S03	PA	togavirin	E141, E163, E215	3	68163	67141	ASP	HIS	19.61476	-0.06465266	-0.5028235	0.67742616	19.403898	81.02971	17.970707	19.61476	85.56355
/Users/hbk/Projects/Lab/06_FoldMotif/repos/merops/merops_pdb/1wyk.pdb	1wyk	P27285	S03	S03	PA	togavirin	E141, E163, E215	3	68163	68141	ASP	HIS	5.5618477	0.79030883	0.755775	0.898566	111.14574	100.880325	6.426676	5.5618477	37.016342
/Users/hbk/Projects/Lab/06_FoldMotif/repos/merops/merops_pdb/1wyk.pdb	1wyk	P27285	S03	S03	PA	togavirin	E141, E163, E215	3	68163	68215	ASP	SER	8.689766	-0.9636828	0.13364832	0.79474896	124.70399	129.37418	10.65953	8.689766	105.99423
/Users/hbk/Projects/Lab/06_FoldMotif/repos/merops/merops_pdb/1wyk.pdb	1wyk	P27285	S03	S03	PA	togavirin	E141, E163, E215	3	68215	68141	SER	HIS	7.1663904	-0.95920515	0.9922115	-0.84653497	168.51646	100.17043	9.071824	7.1663904	98.34049
/Users/hbk/Projects/Lab/06_FoldMotif/repos/merops/merops_pdb/1wyk.pdb	1wyk	P27285	S03	S03	PA	togavirin	E141, E163, E215	3	68215	68163	SER	ASP	8.689766	-0.96368283	0.79474896	0.13364832	129.37418	124.70399	10.65953	8.689766	105.99423
/Users/hbk/Projects/Lab/06_FoldMotif/repos/merops/merops_pdb/2gct.pdb	2gct	P00766	S01A	S01	PA	chymotrypsin A (cattle-type)	E75, E120, E213	3	66120	67213	ALA	VAL	18.18614	0.6880214	0.78956455	0.9842601	56.308266	84.74333	17.412746	18.18614	144.29158
/Users/hbk/Projects/Lab/06_FoldMotif/repos/merops/merops_pdb/2gct.pdb	2gct	P00766	S01A	S01	PA	chymotrypsin A (cattle-type)	E75, E120, E213	3	67213	66120	VAL	ALA	18.18614	0.6880214	0.9842601	0.7895648	84.74333	56.308266	17.412746	18.18614	144.29158
/Users/hbk/Projects/Lab/06_FoldMotif/repos/merops/merops_pdb/4cha.pdb	4cha	P00766	S01A	S01	PA	chymotrypsin A (cattle-type)	E75, E120, E213	3	66120	67213	ALA	VAL	18.382914	0.48913848	0.71643007	0.99968183	53.72983	86.935745	17.583286	18.382914	136.57863
/Users/hbk/Projects/Lab/06_FoldMotif/repos/merops/merops_pdb/4cha.pdb	4cha	P00766	S01A	S01	PA	chymotrypsin A (cattle-type)	E75, E120, E213	3	67213	66120	VAL	ALA	18.382914	0.48913848	0.99968183	0.71643007	86.935745	53.72983	17.583286	18.382914	136.57863
/Users/hbk/Projects/Lab/06_FoldMotif/repos/merops/merops_pdb/4cha.pdb	4cha	P00766	S01A	S01	PA	chymotrypsin A (cattle-type)	E75, E120, E213	3	70120	71213	ALA	VAL	18.313505	0.40372306	0.66264343	0.99707544	55.608032	84.6341	17.506952	18.313505	137.82658
/Users/hbk/Projects/Lab/06_FoldMotif/repos/merops/merops_pdb/4cha.pdb	4cha	P00766	S01A	S01	PA	chymotrypsin A (cattle-type)	E75, E120, E213	3	71213	70120	VAL	ALA	18.313505	0.40372306	0.99707544	0.66264343	84.6341	55.608032	17.506952	18.313505	137.82658
/Users/hbk/Projects/Lab/06_FoldMotif/repos/merops/merops_pdb/1qrz.pdb	1qrz	P00747	S01A	S01	PA	plasmin	E622, E665, E760	3	65665	65760	ALA	SER	16.391197	0.23498686	-0.5669919	0.35640055	162.1666	83.52902	17.80734	16.391197	97.57569
/Users/hbk/Projects/Lab/06_FoldMotif/repos/merops/merops_pdb/1qrz.pdb	1qrz	P00747	S01A	S01	PA	plasmin	E622, E665, E760	3	65760	65665	SER	ALA	16.391197	0.23498686	0.35640055	-0.5669919	83.52902	162.1666	17.80734	16.391197	97.57569
/Users/hbk/Projects/Lab/06_FoldMotif/repos/merops/merops_pdb/1qrz.pdb	1qrz	P00747	S01A	S01	PA	plasmin	E622, E665, E760	3	66665	66760	ALA	SER	16.447636	0.4841906	-0.7191067	0.4235758	164.22575	83.38385	17.839773	16.447636	96.99283
/Users/hbk/Projects/Lab/06_FoldMotif/repos/merops/merops_pdb/1qrz.pdb	1qrz	P00747	S01A	S01	PA	plasmin	E622, E665, E760	3	66760	66665	SER	ALA	16.447636	0.4841906	0.4235758	-0.7191067	83.38385	164.22575	17.839773	16.447636	96.99283
/Users/hbk/Projects/Lab/06_FoldMotif/repos/merops/merops_pdb/1qrz.pdb	1qrz	P00747	S01A	S01	PA	plasmin	E622, E665, E760	3	67665	67760	ALA	SER	16.342075	0.36674237	-0.6608056	0.30276647	166.73683	83.062584	17.773224	16.342075	94.05447
/Users/hbk/Projects/Lab/06_FoldMotif/repos/merops/merops_pdb/1qrz.pdb	1qrz	P00747	S01A	S01	PA	plasmin	E622, E665, E760	3	67760	67665	SER	ALA	16.342075	0.36674193	0.30276647	-0.6608056	83.062584	166.73683	17.773224	16.342075	94.05447
/Users/hbk/Projects/Lab/06_FoldMotif/repos/merops/merops_pdb/1qrz.pdb	1qrz	P00747	S01A	S01	PA	plasmin	E622, E665, E760	3	68665	68760	ALA	SER	16.523733	0.5660194	-0.7655969	0.41619694	159.841	81.39508	17.883047	16.523733	99.268745
/Users/hbk/Projects/Lab/06_FoldMotif/repos/merops/merops_pdb/1qrz.pdb	1qrz	P00747	S01A	S01	PA	plasmin	E622, E665, E760	3	68760	68665	SER	ALA	16.523733	0.5660194	0.41619694	-0.7655969	81.39508	159.841	17.883047	16.523733	99.268745
/Users/hbk/Projects/Lab/06_FoldMotif/repos/merops/merops_pdb/1gl0.pdb	1gl0	P00766	S01A	S01	PA	chymotrypsin A (cattle-type)	E75, E120, E213	3	69120	69213	ALA	VAL	18.15787	0.396671	0.70818883	0.9976125	58.48319	87.2976	17.500044	18.15787	137.41275
/Users/hbk/Projects/Lab/06_FoldMotif/repos/merops/merops_pdb/1gl0.pdb	1gl0	P00766	S01A	S01	PA	chymotrypsin A (cattle-type)	E75, E120, E213	3	69213	69120	VAL	ALA	18.15787	0.396671	0.9976125	0.70818883	87.2976	58.48319	17.500044	18.15787	137.41275
/Users/hbk/Projects/Lab/06_FoldMotif/repos/merops/merops_pdb/1gmc.pdb	1gmc	P00766	S01A	S01	PA	chymotrypsin A (cattle-type)	E75, E120, E213	3	70120	71213	ALA	VAL	18.2229	0.45639843	0.67044365	0.9896571	57.267666	85.87054	17.498009	18.2229	139.01778
/Users/hbk/Projects/Lab/06_FoldMotif/repos/merops/merops_pdb/1gmc.pdb	1gmc	P00766	S01A	S01	PA	chymotrypsin A (cattle-type)	E75, E120, E213	3	71213	70120	VAL	ALA	18.2229	0.45639843	0.9896571	0.67044365	85.87054	57.267666	17.498009	18.2229	139.01778
/Users/hbk/Projects/Lab/06_FoldMotif/repos/merops/merops_pdb/1gl1.pdb	1gl1	P00766	S01A	S01	PA	chymotrypsin A (cattle-type)	E75, E120, E213	3	6575	66120	SER	ALA	16.43787	0.994112	-0.83062816	-0.09504189	131.06465	109.2946	18.138771	16.43787	158.06857
/Users/hbk/Projects/Lab/06_FoldMotif/repos/merops/merops_pdb/1gl1.pdb	1gl1	P00766	S01A	S01	PA	chymotrypsin A (cattle-type)	E75, E120, E213	3	65120	65213	ALA	VAL	18.403847	0.37837228	0.6886226	0.9959897	59.772907	86.00184	17.743013	18.403847	138.64717
/Users/hbk/Projects/Lab/06_FoldMotif/repos/merops/merops_pdb/1gl1.pdb	1gl1	P00766	S01A	S01	PA	chymotrypsin A (cattle-type)	E75, E120, E213	3	65120	6775	ALA	SER	16.416246	0.9102216	0.18934435	-0.78189206	108.67665	131.45088	18.10159	16.416246	154.94713
/Users/hbk/Projects/Lab/06_FoldMotif/repos/merops/merops_pdb/1gl1.pdb	1gl1	P00766	S01A	S01	PA	chymotrypsin A (cattle-type)	E75, E120, E213	3	65213	65120	VAL	ALA	18.403847	0.37837228	0.9959897	0.6886226	86.00184	59.772907	17.743013	18.403847	138.64717
/Users/hbk/Projects/Lab/06_FoldMotif/repos/merops/merops_pdb/1gl1.pdb	1gl1	P00766	S01A	S01	PA	chymotrypsin A (cattle-type)	E75, E120, E213	3	6675	67120	SER	ALA	19.838087	0.99084604	-0.6259792	0.9998214	134.14594	121.869225	21.845325	19.838087	167.35258
/Users/hbk/Projects/Lab/06_FoldMotif/repos/merops/merops_pdb/1gl1.pdb	1gl1	P00766	S01A	S01	PA	chymotrypsin A (cattle-type)	E75, E120, E213	3	66120	6575	ALA	SER	16.43787	0.994112	-0.095041774	-0.83062816	109.2946	131.06465	18.138771	16.43787	158.06857
/Users/hbk/Projects/Lab/06_FoldMotif/repos/merops/merops_pdb/1gl1.pdb	1gl1	P00766	S01A	S01	PA	chymotrypsin A (cattle-type)	E75, E120, E213	3	66120	66213	ALA	VAL	18.219633	0.3884832	0.64859504	0.9976845	60.955853	87.97323	17.63842	18.219633	138.17166
/Users/hbk/Projects/Lab/06_FoldMotif/repos/merops/merops_pdb/1gl1.pdb	1gl1	P00766	S01A	S01	PA	chymotrypsin A (cattle-type)	E75, E120, E213	3	66213	66120	VAL	ALA	18.219633	0.3884832	0.9976845	0.64859504	87.97323	60.955853	17.63842	18.219633	138.17166
/Users/hbk/Projects/Lab/06_FoldMotif/repos/merops/merops_pdb/1gl1.pdb	1gl1	P00766	S01A	S01	PA	chymotrypsin A (cattle-type)	E75, E120, E213	3	6775	65120	SER	ALA	16.416246	0.9102216	-0.78189206	0.18934412	131.45088	108.67665	18.10159	16.416246	154.94713
/Users/hbk/Projects/Lab/06_FoldMotif/repos/merops/merops_pdb/1gl1.pdb	1gl1	P00766	S01A	S01	PA	chymotrypsin A (cattle-type)	E75, E120, E213	3	67120	6675	ALA	SER	19.838087	0.99084604	0.9998214	-0.62597936	121.869225	134.14594	21.845325	19.838087	167.35258
/Users/hbk/Projects/Lab/06_FoldMotif/repos/merops/merops_pdb/1gl1.pdb	1gl1	P00766	S01A	S01	PA	chymotrypsin A (cattle-type)	E75, E120, E213	3	67120	67213	ALA	VAL	18.138092	0.29803714	0.5922852	0.9970842	63.395195	85.25879	17.544378	18.138092	139.01372
/Users/hbk/Projects/Lab/06_FoldMotif/repos/merops/merops_pdb/1gl1.pdb	1gl1	P00766	S01A	S01	PA	chymotrypsin A (cattle-type)	E75, E120, E213	3	67213	67120	VAL	ALA	18.138092	0.29803714	0.9970842	0.5922852	85.25879	63.395195	17.544378	18.138092	139.01372
/Users/hbk/Projects/Lab/06_FoldMotif/repos/merops/merops_pdb/1ca0.pdb	1ca0	P00766	S01A	S01	PA	chymotrypsin A (cattle-type)	E75, E120, E213	3	66120	67213	ALA	VAL	17.910604	0.41777676	0.6996218	0.99818146	56.67508	87.72844	17.226526	17.910604	136.44669
/Users/hbk/Projects/Lab/06_FoldMotif/repos/merops/merops_pdb/1ca0.pdb	1ca0	P00766	S01A	S01	PA	chymotrypsin A (cattle-type)	E75, E120, E213	3	67213	66120	VAL	ALA	17.910604	0.41777676	0.99818146	0.6996218	87.72844	56.67508	17.226526	17.910604	136.44669
/Users/hbk/Projects/Lab/06_FoldMotif/repos/merops/merops_pdb/1ca0.pdb	1ca0	P00766	S01A	S01	PA	chymotrypsin A (cattle-type)	E75, E120, E213	3	71120	72213	ALA	VAL	17.857162	0.35535395	0.67515457	0.99710906	58.183186	87.97396	17.213163	17.857162	135.86618
/Users/hbk/Projects/Lab/06_FoldMotif/repos/merops/merops_pdb/1ca0.pdb	1ca0	P00766	S01A	S01	PA	chymotrypsin A (cattle-type)	E75, E120, E213	3	72213	71120	VAL	ALA	17.857162	0.35535395	0.99710906	0.67515457	87.97396	58.183186	17.213163	17.857162	135.86618
/Users/hbk/Projects/Lab/06_FoldMotif/repos/merops/merops_pdb/2cha.pdb	2cha	P00766	S01A	S01	PA	chymotrypsin A (cattle-type)	E75, E120, E213	3	66120	67213	ALA	VAL	18.321026	0.5186999	0.68160146	0.9971121	55.869728	90.30412	17.682388	18.321026	135.91684
/Users/hbk/Projects/Lab/06_FoldMotif/repos/merops/merops_pdb/2cha.pdb	2cha	P00766	S01A	S01	PA	chymotrypsin A (cattle-type)	E75, E120, E213	3	67213	66120	VAL	ALA	18.321026	0.5186999	0.9971121	0.6816011	90.30412	55.869728	17.682388	18.321026	135.91684
/Users/hbk/Projects/Lab/06_FoldMotif/repos/merops/merops_pdb/2cha.pdb	2cha	P00766	S01A	S01	PA	chymotrypsin A (cattle-type)	E75, E120, E213	3	70120	71213	ALA	VAL	18.321026	0.5186999	0.68160146	0.9971121	55.869728	90.30412	17.682388	18.321026	135.91684
/Users/hbk/Projects/Lab/06_FoldMotif/repos/merops/merops_pdb/2cha.pdb	2cha	P00766	S01A	S01	PA	chymotrypsin A (cattle-type)	E75, E120, E213	3	71213	70120	VAL	ALA	18.321026	0.5186999	0.9971121	0.6816011	90.30412	55.869728	17.682388	18.321026	135.91684
/Users/hbk/Projects/Lab/06_FoldMotif/repos/merops/merops_pdb/1gmd.pdb	1gmd	P00766	S01A	S01	PA	chymotrypsin A (cattle-type)	E75, E120, E213	3	70120	71213	ALA	VAL	17.869581	0.4353277	0.70030695	0.9994159	58.558445	88.939316	17.266317	17.869581	137.07938
/Users/hbk/Projects/Lab/06_FoldMotif/repos/merops/merops_pdb/1gmd.pdb	1gmd	P00766	S01A	S01	PA	chymotrypsin A (cattle-type)	E75, E120, E213	3	71213	70120	VAL	ALA	17.869581	0.4353277	0.9994159	0.70030695	88.939316	58.558445	17.266317	17.869581	137.07938
/Users/hbk/Projects/Lab/06_FoldMotif/repos/merops/merops_pdb/1bru.pdb	1bru	P08419	S01A	S01	PA	pancreatic elastase II	E73, E121, E216	3	8073	80121	LEU	GLY	19.21062	0.996917	-0.96968484	-0.3002214	80.21712	128.83282	19.915531	19.21062	29.119703
/Users/hbk/Projects/Lab/06_FoldMotif/repos/merops/merops_pdb/1bru.pdb	1bru	P08419	S01A	S01	PA	pancreatic elastase II	E73, E121, E216	3	80121	8073	GLY	LEU	19.21062	0.996917	-0.30022153	-0.96968484	128.83282	80.21712	19.915531	19.21062	29.119703
/Users/hbk/Projects/Lab/06_FoldMotif/repos/merops/merops_pdb/1cu1.pdb	1cu1	P26663	S29	S29	PA	hepacivirin	E1083, E1107, E1165	3	661083	661107	VAL	VAL	18.643427	-0.69852424	-0.52191126	-0.8008037	78.3658	101.90835	18.814491	18.643427	109.29772
/Users/hbk/Projects/Lab/06_FoldMotif/repos/merops/merops_pdb/1cu1.pdb	1cu1	P26663	S29	S29	PA	hepacivirin	E1083, E1107, E1165	3	661107	661083	VAL	VAL	18.643427	-0.69852424	-0.8008037	-0.52191126	101.90835	78.3658	18.814491	18.643427	109.29772
/Users/hbk/Projects/Lab/06_FoldMotif/repos/merops/merops_pdb/1cu1.pdb	1cu1	P26663	S29	S29	PA	hepacivirin	E1083, E1107, E1165	3	661107	661165	VAL	LYS	18.988947	0.8656823	0.8641659	-0.4629863	21.1442	13.547771	16.077549	18.988947	145.59969
/Users/hbk/Projects/Lab/06_FoldMotif/repos/merops/merops_pdb/1cu1.pdb	1cu1	P26663	S29	S29	PA	hepacivirin	E1083, E1107, E1165	3	661165	661107	LYS	VAL	18.988947	0.8656823	-0.4629863	0.8641659	13.547771	21.1442	16.077549	18.988947	145.59969
/Users/hbk/Projects/Lab/06_FoldMotif/repos/merops/merops_pdb/1mtn.pdb	1mtn	P00766	S01A	S01	PA	chymotrypsin A (cattle-type)	E75, E120, E213	3	66120	67213	ALA	VAL	18.03001	0.1919223	0.7679841	0.9993513	55.624565	91.661835	17.421198	18.03001	128.35413
/Users/hbk/Projects/Lab/06_FoldMotif/repos/merops/merops_pdb/1mtn.pdb	1mtn	P00766	S01A	S01	PA	chymotrypsin A (cattle-type)	E75, E120, E213	3	67213	66120	VAL	ALA	18.03001	0.1919223	0.9993513	0.7679841	91.661835	55.624565	17.421198	18.03001	128.35413
/Users/hbk/Projects/Lab/06_FoldMotif/repos/merops/merops_pdb/1mtn.pdb	1mtn	P00766	S01A	S01	PA	chymotrypsin A (cattle-type)	E75, E120, E213	3	70120	71213	ALA	VAL	17.724894	0.26021707	0.5893999	0.9873211	60.73057	92.96385	17.271702	17.724894	131.77786
/Users/hbk/Projects/Lab/06_FoldMotif/repos/merops/merops_pdb/1mtn.pdb	1mtn	P00766	S01A	S01	PA	chymotrypsin A (cattle-type)	E75, E120, E213	3	71213	70120	VAL	ALA	17.724894	0.26021707	0.9873211	0.5893999	92.96385	60.73057	17.271702	17.724894	131.77786
/Users/hbk/Projects/Lab/06_FoldMotif/repos/merops/merops_pdb/1ddj.pdb	1ddj	P00747	S01A	S01	PA	plasmin	E622, E665, E760	3	65665	65760	ALA	SER	17.223227	0.30459765	-0.8187465	0.55928725	159.22859	80.484245	18.503716	17.223227	97.34888
/Users/hbk/Projects/Lab/06_FoldMotif/repos/merops/merops_pdb/1ddj.pdb	1ddj	P00747	S01A	S01	PA	plasmin	E622, E665, E760	3	65760	65665	SER	ALA	17.223227	0.30459765	0.5592872	-0.8187465	80.484245	159.22859	18.503716	17.223227	97.34888
/Users/hbk/Projects/Lab/06_FoldMotif/repos/merops/merops_pdb/1ddj.pdb	1ddj	P00747	S01A	S01	PA	plasmin	E622, E665, E760	3	66665	66760	ALA	SER	16.845074	0.49464807	-0.86846673	0.40984127	164.25516	83.64837	18.228651	16.845074	97.27667
/Users/hbk/Projects/Lab/06_FoldMotif/repos/merops/merops_pdb/1ddj.pdb	1ddj	P00747	S01A	S01	PA	plasmin	E622, E665, E760	3	66760	66665	SER	ALA	16.845074	0.49464807	0.40984115	-0.86846673	83.64837	164.25516	18.228651	16.845074	97.27667
/Users/hbk/Projects/Lab/06_FoldMotif/repos/merops/merops_pdb/1ddj.pdb	1ddj	P00747	S01A	S01	PA	plasmin	E622, E665, E760	3	67665	67760	ALA	SER	17.142172	0.3057483	-0.65228456	0.5358133	157.6677	81.71004	18.43245	17.142172	99.813866
/Users/hbk/Projects/Lab/06_FoldMotif/repos/merops/merops_pdb/1ddj.pdb	1ddj	P00747	S01A	S01	PA	plasmin	E622, E665, E760	3	67760	67665	SER	ALA	17.142172	0.3057483	0.5358133	-0.65228456	81.71004	157.6677	18.43245	17.142172	99.813866
/Users/hbk/Projects/Lab/06_FoldMotif/repos/merops/merops_pdb/1ddj.pdb	1ddj	P00747	S01A	S01	PA	plasmin	E622, E665, E760	3	68665	68760	ALA	SER	17.247364	0.37680438	-0.7907426	0.54869956	153.29015	84.66414	18.58216	17.247364	106.75267
/Users/hbk/Projects/Lab/06_FoldMotif/repos/merops/merops_pdb/1ddj.pdb	1ddj	P00747	S01A	S01	PA	plasmin	E622, E665, E760	3	68760	68665	SER	ALA	17.247364	0.37680438	0.5486997	-0.7907426	84.66414	153.29015	18.58216	17.247364	106.75267
/Users/hbk/Projects/Lab/06_FoldMotif/repos/merops/merops_pdb/1ex3.pdb	1ex3	P00766	S01A	S01	PA	chymotrypsin A (cattle-type)	E75, E120, E213	3	65120	65213	ALA	VAL	17.627485	-0.24247617	0.54727703	0.98772854	61.821785	92.87309	17.171331	17.627485	121.20794
/Users/hbk/Projects/Lab/06_FoldMotif/repos/merops/merops_pdb/1ex3.pdb	1ex3	P00766	S01A	S01	PA	chymotrypsin A (cattle-type)	E75, E120, E213	3	65213	65120	VAL	ALA	17.627485	-0.24247617	0.98772854	0.5472774	92.87309	61.821785	17.171331	17.627485	121.20794
/Users/hbk/Projects/Lab/06_FoldMotif/repos/merops/merops_pdb/2vgc.pdb	2vgc	P00766	S01A	S01	PA	chymotrypsin A (cattle-type)	E75, E120, E213	3	66120	67213	ALA	VAL	18.311398	0.5815488	0.7357795	0.9994522	56.413094	84.61362	17.530949	18.311398	142.13422
/Users/hbk/Projects/Lab/06_FoldMotif/repos/merops/merops_pdb/2vgc.pdb	2vgc	P00766	S01A	S01	PA	chymotrypsin A (cattle-type)	E75, E120, E213	3	67213	66120	VAL	ALA	18.311398	0.5815488	0.9994522	0.7357795	84.61362	56.413094	17.530949	18.311398	142.13422
/Users/hbk/Projects/Lab/06_FoldMotif/repos/merops/merops_pdb/1ab9.pdb	1ab9	P00766	S01A	S01	PA	chymotrypsin A (cattle-type)	E75, E120, E213	3	66120	67213	ALA	VAL	18.115608	0.47978038	0.6918049	0.9994086	58.384144	85.34496	17.40878	18.115608	140.5908
/Users/hbk/Projects/Lab/06_FoldMotif/repos/merops/merops_pdb/1ab9.pdb	1ab9	P00766	S01A	S01	PA	chymotrypsin A (cattle-type)	E75, E120, E213	3	67213	66120	VAL	ALA	18.115608	0.47978038	0.9994086	0.6918049	85.34496	58.384144	17.40878	18.115608	140.5908
/Users/hbk/Projects/Lab/06_FoldMotif/repos/merops/merops_pdb/1fi8.pdb	1fi8	P18291	S01A	S01	PA	natural killer cell peptidase 1 ({Rattus norvegicus})	E65, E109, E204	3	6565	65109	ILE	LYS	10.353266	0.99899864	-0.97712433	0.5324593	78.641655	100.64164	10.765207	10.353266	157.96315
/Users/hbk/Projects/Lab/06_FoldMotif/repos/merops/merops_pdb/1fi8.pdb	1fi8	P18291	S01A	S01	PA	natural killer cell peptidase 1 ({Rattus norvegicus})	E65, E109, E204	3	65109	6565	LYS	ILE	10.353266	0.99899864	0.53245926	-0.97712433	100.64164	78.641655	10.765207	10.353266	157.96315
/Users/hbk/Projects/Lab/06_FoldMotif/repos/merops/merops_pdb/1fi8.pdb	1fi8	P18291	S01A	S01	PA	natural killer cell peptidase 1 ({Rattus norvegicus})	E65, E109, E204	3	65204	6965	VAL	GLU	18.212519	0.6636304	-0.025039904	0.9936531	139.4154	89.85104	19.399637	18.212519	53.46471
/Users/hbk/Projects/Lab/06_FoldMotif/repos/merops/merops_pdb/1fi8.pdb	1fi8	P18291	S01A	S01	PA	natural killer cell peptidase 1 ({Rattus norvegicus})	E65, E109, E204	3	6765	66204	GLU	VAL	18.200531	0.66188693	0.9937104	-0.015157584	90.17581	139.2093	19.388351	18.200531	53.615955
/Users/hbk/Projects/Lab/06_FoldMotif/repos/merops/merops_pdb/1fi8.pdb	1fi8	P18291	S01A	S01	PA	natural killer cell peptidase 1 ({Rattus norvegicus})	E65, E109, E204	3	68109	70109	TYR	TYR	19.306723	0.7058851	0.3789239	0.38155755	115.55358	115.60523	20.628656	19.306723	55.60016
/Users/hbk/Projects/Lab/06_FoldMotif/repos/merops/merops_pdb/1fi8.pdb	1fi8	P18291	S01A	S01	PA	natural killer cell peptidase 1 ({Rattus norvegicus})	E65, E109, E204	3	6665	66109	ILE	LYS	10.350103	0.99875546	-0.9782582	0.5410312	78.67665	100.578	10.761627	10.350103	158.05264
/Users/hbk/Projects/Lab/06_FoldMotif/repos/merops/merops_pdb/1fi8.pdb	1fi8	P18291	S01A	S01	PA	natural killer cell peptidase 1 ({Rattus norvegicus})	E65, E109, E204	3	66109	6665	LYS	ILE	10.350103	0.99875546	0.5410312	-0.9782582	100.578	78.67665	10.761627	10.350103	158.05264
/Users/hbk/Projects/Lab/06_FoldMotif/repos/merops/merops_pdb/1fi8.pdb	1fi8	P18291	S01A	S01	PA	natural killer cell peptidase 1 ({Rattus norvegicus})	E65, E109, E204	3	66204	6765	VAL	GLU	18.200531	0.66188693	-0.015157584	0.9937104	139.2093	90.17581	19.388351	18.200531	53.615955
/Users/hbk/Projects/Lab/06_FoldMotif/repos/merops/merops_pdb/1fi8.pdb	1fi8	P18291	S01A	S01	PA	natural killer cell peptidase 1 ({Rattus norvegicus})	E65, E109, E204	3	6965	65204	GLU	VAL	18.212519	0.6636305	0.9936531	-0.025039904	89.85104	139.4154	19.399637	18.212519	53.46471
/Users/hbk/Projects/Lab/06_FoldMotif/repos/merops/merops_pdb/1fi8.pdb	1fi8	P18291	S01A	S01	PA	natural killer cell peptidase 1 ({Rattus norvegicus})	E65, E109, E204	3	70109	68109	TYR	TYR	19.306723	0.7058851	0.38155746	0.378924	115.60523	115.55358	20.628656	19.306723	55.60016
