0	/Users/hbk/Projects/Lab/06_FoldMotif/repos/merops/merops_pdb/2cga.pdb
1	/Users/hbk/Projects/Lab/06_FoldMotif/repos/merops/merops_pdb/1shh.pdb
2	/Users/hbk/Projects/Lab/06_FoldMotif/repos/merops/merops_pdb/1tmu.pdb
3	/Users/hbk/Projects/Lab/06_FoldMotif/repos/merops/merops_pdb/1avg.pdb
4	/Users/hbk/Projects/Lab/06_FoldMotif/repos/merops/merops_pdb/1tmb.pdb
5	/Users/hbk/Projects/Lab/06_FoldMotif/repos/merops/merops_pdb/1cbw.pdb
6	/Users/hbk/Projects/Lab/06_FoldMotif/repos/merops/merops_pdb/2a1d.pdb
7	/Users/hbk/Projects/Lab/06_FoldMotif/repos/merops/merops_pdb/1tbz.pdb
8	/Users/hbk/Projects/Lab/06_FoldMotif/repos/merops/merops_pdb/1ype.pdb
9	/Users/hbk/Projects/Lab/06_FoldMotif/repos/merops/merops_pdb/1kts.pdb
10	/Users/hbk/Projects/Lab/06_FoldMotif/repos/merops/merops_pdb/6gch.pdb
11	/Users/hbk/Projects/Lab/06_FoldMotif/repos/merops/merops_pdb/1lpk.pdb
12	/Users/hbk/Projects/Lab/06_FoldMotif/repos/merops/merops_pdb/1kxf.pdb
13	/Users/hbk/Projects/Lab/06_FoldMotif/repos/merops/merops_pdb/1ns3.pdb
14	/Users/hbk/Projects/Lab/06_FoldMotif/repos/merops/merops_pdb/1eb1.pdb
15	/Users/hbk/Projects/Lab/06_FoldMotif/repos/merops/merops_pdb/2afq.pdb
16	/Users/hbk/Projects/Lab/06_FoldMotif/repos/merops/merops_pdb/1ta6.pdb
17	/Users/hbk/Projects/Lab/06_FoldMotif/repos/merops/merops_pdb/1d3d.pdb
18	/Users/hbk/Projects/Lab/06_FoldMotif/repos/merops/merops_pdb/1xx9.pdb
19	/Users/hbk/Projects/Lab/06_FoldMotif/repos/merops/merops_pdb/1tmt.pdb
20	/Users/hbk/Projects/Lab/06_FoldMotif/repos/merops/merops_pdb/1ook.pdb
21	/Users/hbk/Projects/Lab/06_FoldMotif/repos/merops/merops_pdb/1xmn.pdb
22	/Users/hbk/Projects/Lab/06_FoldMotif/repos/merops/merops_pdb/1qj7.pdb
23	/Users/hbk/Projects/Lab/06_FoldMotif/repos/merops/merops_pdb/1twx.pdb
24	/Users/hbk/Projects/Lab/06_FoldMotif/repos/merops/merops_pdb/1mue.pdb
25	/Users/hbk/Projects/Lab/06_FoldMotif/repos/merops/merops_pdb/1de7.pdb
26	/Users/hbk/Projects/Lab/06_FoldMotif/repos/merops/merops_pdb/1d3q.pdb
27	/Users/hbk/Projects/Lab/06_FoldMotif/repos/merops/merops_pdb/1r7c.pdb
28	/Users/hbk/Projects/Lab/06_FoldMotif/repos/merops/merops_pdb/1i5k.pdb
29	/Users/hbk/Projects/Lab/06_FoldMotif/repos/merops/merops_pdb/1kxd.pdb
30	/Users/hbk/Projects/Lab/06_FoldMotif/repos/merops/merops_pdb/1gmh.pdb
31	/Users/hbk/Projects/Lab/06_FoldMotif/repos/merops/merops_pdb/1kxe.pdb
32	/Users/hbk/Projects/Lab/06_FoldMotif/repos/merops/merops_pdb/1eah.pdb
33	/Users/hbk/Projects/Lab/06_FoldMotif/repos/merops/merops_pdb/1ypg.pdb
34	/Users/hbk/Projects/Lab/06_FoldMotif/repos/merops/merops_pdb/1d3p.pdb
35	/Users/hbk/Projects/Lab/06_FoldMotif/repos/merops/merops_pdb/1ccf.pdb
36	/Users/hbk/Projects/Lab/06_FoldMotif/repos/merops/merops_pdb/1ca8.pdb
37	/Users/hbk/Projects/Lab/06_FoldMotif/repos/merops/merops_pdb/1fpc.pdb
38	/Users/hbk/Projects/Lab/06_FoldMotif/repos/merops/merops_pdb/1dit.pdb
39	/Users/hbk/Projects/Lab/06_FoldMotif/repos/merops/merops_pdb/1xcq.pdb
40	/Users/hbk/Projects/Lab/06_FoldMotif/repos/merops/merops_pdb/1qj6.pdb
41	/Users/hbk/Projects/Lab/06_FoldMotif/repos/merops/merops_pdb/5cha.pdb
42	/Users/hbk/Projects/Lab/06_FoldMotif/repos/merops/merops_pdb/1hei.pdb
43	/Users/hbk/Projects/Lab/06_FoldMotif/repos/merops/merops_pdb/1mu6.pdb
44	/Users/hbk/Projects/Lab/06_FoldMotif/repos/merops/merops_pdb/3gct.pdb
45	/Users/hbk/Projects/Lab/06_FoldMotif/repos/merops/merops_pdb/1a5g.pdb
46	/Users/hbk/Projects/Lab/06_FoldMotif/repos/merops/merops_pdb/1t8o.pdb
47	/Users/hbk/Projects/Lab/06_FoldMotif/repos/merops/merops_pdb/1c4v.pdb
48	/Users/hbk/Projects/Lab/06_FoldMotif/repos/merops/merops_pdb/1d3t.pdb
49	/Users/hbk/Projects/Lab/06_FoldMotif/repos/merops/merops_pdb/2a0q.pdb
50	/Users/hbk/Projects/Lab/06_FoldMotif/repos/merops/merops_pdb/2hnt.pdb
51	/Users/hbk/Projects/Lab/06_FoldMotif/repos/merops/merops_pdb/1nrq.pdb
52	/Users/hbk/Projects/Lab/06_FoldMotif/repos/merops/merops_pdb/1r7f.pdb
53	/Users/hbk/Projects/Lab/06_FoldMotif/repos/merops/merops_pdb/1kye.pdb
54	/Users/hbk/Projects/Lab/06_FoldMotif/repos/merops/merops_pdb/1kxa.pdb
55	/Users/hbk/Projects/Lab/06_FoldMotif/repos/merops/merops_pdb/1ezq.pdb
56	/Users/hbk/Projects/Lab/06_FoldMotif/repos/merops/merops_pdb/1lpz.pdb
57	/Users/hbk/Projects/Lab/06_FoldMotif/repos/merops/merops_pdb/1ktt.pdb
58	/Users/hbk/Projects/Lab/06_FoldMotif/repos/merops/merops_pdb/1nfu.pdb
59	/Users/hbk/Projects/Lab/06_FoldMotif/repos/merops/merops_pdb/1r7g.pdb
60	/Users/hbk/Projects/Lab/06_FoldMotif/repos/merops/merops_pdb/1nrp.pdb
61	/Users/hbk/Projects/Lab/06_FoldMotif/repos/merops/merops_pdb/1tom.pdb
62	/Users/hbk/Projects/Lab/06_FoldMotif/repos/merops/merops_pdb/1zbe.pdb
63	/Users/hbk/Projects/Lab/06_FoldMotif/repos/merops/merops_pdb/1t8n.pdb
64	/Users/hbk/Projects/Lab/06_FoldMotif/repos/merops/merops_pdb/2mev.pdb
65	/Users/hbk/Projects/Lab/06_FoldMotif/repos/merops/merops_pdb/1xct.pdb
66	/Users/hbk/Projects/Lab/06_FoldMotif/repos/merops/merops_pdb/2snw.pdb
67	/Users/hbk/Projects/Lab/06_FoldMotif/repos/merops/merops_pdb/1qj1.pdb
68	/Users/hbk/Projects/Lab/06_FoldMotif/repos/merops/merops_pdb/2thf.pdb
69	/Users/hbk/Projects/Lab/06_FoldMotif/repos/merops/merops_pdb/1a46.pdb
70	/Users/hbk/Projects/Lab/06_FoldMotif/repos/merops/merops_pdb/1a4w.pdb
71	/Users/hbk/Projects/Lab/06_FoldMotif/repos/merops/merops_pdb/1awf.pdb
72	/Users/hbk/Projects/Lab/06_FoldMotif/repos/merops/merops_pdb/1t8l.pdb
73	/Users/hbk/Projects/Lab/06_FoldMotif/repos/merops/merops_pdb/1hpk.pdb
74	/Users/hbk/Projects/Lab/06_FoldMotif/repos/merops/merops_pdb/1c4u.pdb
75	/Users/hbk/Projects/Lab/06_FoldMotif/repos/merops/merops_pdb/1hrt.pdb
76	/Users/hbk/Projects/Lab/06_FoldMotif/repos/merops/merops_pdb/1sfq.pdb
77	/Users/hbk/Projects/Lab/06_FoldMotif/repos/merops/merops_pdb/1ta2.pdb
78	/Users/hbk/Projects/Lab/06_FoldMotif/repos/merops/merops_pdb/1t7c.pdb
79	/Users/hbk/Projects/Lab/06_FoldMotif/repos/merops/merops_pdb/1nrr.pdb
80	/Users/hbk/Projects/Lab/06_FoldMotif/repos/merops/merops_pdb/1r7e.pdb
81	/Users/hbk/Projects/Lab/06_FoldMotif/repos/merops/merops_pdb/1nfw.pdb
82	/Users/hbk/Projects/Lab/06_FoldMotif/repos/merops/merops_pdb/1kxb.pdb
83	/Users/hbk/Projects/Lab/06_FoldMotif/repos/merops/merops_pdb/8gch.pdb
84	/Users/hbk/Projects/Lab/06_FoldMotif/repos/merops/merops_pdb/1gcd.pdb
85	/Users/hbk/Projects/Lab/06_FoldMotif/repos/merops/merops_pdb/1kxc.pdb
86	/Users/hbk/Projects/Lab/06_FoldMotif/repos/merops/merops_pdb/5gds.pdb
87	/Users/hbk/Projects/Lab/06_FoldMotif/repos/merops/merops_pdb/1r7d.pdb
88	/Users/hbk/Projects/Lab/06_FoldMotif/repos/merops/merops_pdb/1nrs.pdb
89	/Users/hbk/Projects/Lab/06_FoldMotif/repos/merops/merops_pdb/1ixa.pdb
90	/Users/hbk/Projects/Lab/06_FoldMotif/repos/merops/merops_pdb/1hpj.pdb
91	/Users/hbk/Projects/Lab/06_FoldMotif/repos/merops/merops_pdb/1oxg.pdb
92	/Users/hbk/Projects/Lab/06_FoldMotif/repos/merops/merops_pdb/1t8m.pdb
93	/Users/hbk/Projects/Lab/06_FoldMotif/repos/merops/merops_pdb/1oyt.pdb
94	/Users/hbk/Projects/Lab/06_FoldMotif/repos/merops/merops_pdb/1jr6.pdb
95	/Users/hbk/Projects/Lab/06_FoldMotif/repos/merops/merops_pdb/4gch.pdb
96	/Users/hbk/Projects/Lab/06_FoldMotif/repos/merops/merops_pdb/1acb.pdb
97	/Users/hbk/Projects/Lab/06_FoldMotif/repos/merops/merops_pdb/2snv.pdb
98	/Users/hbk/Projects/Lab/06_FoldMotif/repos/merops/merops_pdb/1hgt.pdb
99	/Users/hbk/Projects/Lab/06_FoldMotif/repos/merops/merops_pdb/2awz.pdb
100	/Users/hbk/Projects/Lab/06_FoldMotif/repos/merops/merops_pdb/1csj.pdb
101	/Users/hbk/Projects/Lab/06_FoldMotif/repos/merops/merops_pdb/1dwd.pdb
102	/Users/hbk/Projects/Lab/06_FoldMotif/repos/merops/merops_pdb/1a3b.pdb
103	/Users/hbk/Projects/Lab/06_FoldMotif/repos/merops/merops_pdb/1hlt.pdb
104	/Users/hbk/Projects/Lab/06_FoldMotif/repos/merops/merops_pdb/1dy9.pdb
105	/Users/hbk/Projects/Lab/06_FoldMotif/repos/merops/merops_pdb/1hxf.pdb
106	/Users/hbk/Projects/Lab/06_FoldMotif/repos/merops/merops_pdb/1s49.pdb
107	/Users/hbk/Projects/Lab/06_FoldMotif/repos/merops/merops_pdb/1bml.pdb
108	/Users/hbk/Projects/Lab/06_FoldMotif/repos/merops/merops_pdb/1uma.pdb
109	/Users/hbk/Projects/Lab/06_FoldMotif/repos/merops/merops_pdb/1ny2.pdb
110	/Users/hbk/Projects/Lab/06_FoldMotif/repos/merops/merops_pdb/1iqi.pdb
111	/Users/hbk/Projects/Lab/06_FoldMotif/repos/merops/merops_pdb/1pkr.pdb
112	/Users/hbk/Projects/Lab/06_FoldMotif/repos/merops/merops_pdb/1ycp.pdb
113	/Users/hbk/Projects/Lab/06_FoldMotif/repos/merops/merops_pdb/1p2m.pdb
114	/Users/hbk/Projects/Lab/06_FoldMotif/repos/merops/merops_pdb/1g32.pdb
115	/Users/hbk/Projects/Lab/06_FoldMotif/repos/merops/merops_pdb/1nm6.pdb
116	/Users/hbk/Projects/Lab/06_FoldMotif/repos/merops/merops_pdb/1p0s.pdb
117	/Users/hbk/Projects/Lab/06_FoldMotif/repos/merops/merops_pdb/1nl2.pdb
118	/Users/hbk/Projects/Lab/06_FoldMotif/repos/merops/merops_pdb/1iqh.pdb
119	/Users/hbk/Projects/Lab/06_FoldMotif/repos/merops/merops_pdb/1ba8.pdb
120	/Users/hbk/Projects/Lab/06_FoldMotif/repos/merops/merops_pdb/1bmm.pdb
121	/Users/hbk/Projects/Lab/06_FoldMotif/repos/merops/merops_pdb/1s48.pdb
122	/Users/hbk/Projects/Lab/06_FoldMotif/repos/merops/merops_pdb/2any.pdb
123	/Users/hbk/Projects/Lab/06_FoldMotif/repos/merops/merops_pdb/1dy8.pdb
124	/Users/hbk/Projects/Lab/06_FoldMotif/repos/merops/merops_pdb/7kme.pdb
125	/Users/hbk/Projects/Lab/06_FoldMotif/repos/merops/merops_pdb/1dwe.pdb
126	/Users/hbk/Projects/Lab/06_FoldMotif/repos/merops/merops_pdb/1aht.pdb
127	/Users/hbk/Projects/Lab/06_FoldMotif/repos/merops/merops_pdb/1hag.pdb
128	/Users/hbk/Projects/Lab/06_FoldMotif/repos/merops/merops_pdb/1jxp.pdb
129	/Users/hbk/Projects/Lab/06_FoldMotif/repos/merops/merops_pdb/1hap.pdb
130	/Users/hbk/Projects/Lab/06_FoldMotif/repos/merops/merops_pdb/1vgc.pdb
131	/Users/hbk/Projects/Lab/06_FoldMotif/repos/merops/merops_pdb/1hxe.pdb
132	/Users/hbk/Projects/Lab/06_FoldMotif/repos/merops/merops_pdb/2spt.pdb
133	/Users/hbk/Projects/Lab/06_FoldMotif/repos/merops/merops_pdb/1cfh.pdb
134	/Users/hbk/Projects/Lab/06_FoldMotif/repos/merops/merops_pdb/1c2p.pdb
135	/Users/hbk/Projects/Lab/06_FoldMotif/repos/merops/merops_pdb/1iqj.pdb
136	/Users/hbk/Projects/Lab/06_FoldMotif/repos/merops/merops_pdb/1bui.pdb
137	/Users/hbk/Projects/Lab/06_FoldMotif/repos/merops/merops_pdb/1nl0.pdb
138	/Users/hbk/Projects/Lab/06_FoldMotif/repos/merops/merops_pdb/1p2n.pdb
139	/Users/hbk/Projects/Lab/06_FoldMotif/repos/merops/merops_pdb/1p2o.pdb
140	/Users/hbk/Projects/Lab/06_FoldMotif/repos/merops/merops_pdb/1nl1.pdb
141	/Users/hbk/Projects/Lab/06_FoldMotif/repos/merops/merops_pdb/1g30.pdb
142	/Users/hbk/Projects/Lab/06_FoldMotif/repos/merops/merops_pdb/3hat.pdb
143	/Users/hbk/Projects/Lab/06_FoldMotif/repos/merops/merops_pdb/1iqk.pdb
144	/Users/hbk/Projects/Lab/06_FoldMotif/repos/merops/merops_pdb/1rgq.pdb
145	/Users/hbk/Projects/Lab/06_FoldMotif/repos/merops/merops_pdb/1bmn.pdb
146	/Users/hbk/Projects/Lab/06_FoldMotif/repos/merops/merops_pdb/1hut.pdb
147	/Users/hbk/Projects/Lab/06_FoldMotif/repos/merops/merops_pdb/1cfi.pdb
148	/Users/hbk/Projects/Lab/06_FoldMotif/repos/merops/merops_pdb/1quv.pdb
149	/Users/hbk/Projects/Lab/06_FoldMotif/repos/merops/merops_pdb/1dwb.pdb
150	/Users/hbk/Projects/Lab/06_FoldMotif/repos/merops/merops_pdb/1a0h.pdb
151	/Users/hbk/Projects/Lab/06_FoldMotif/repos/merops/merops_pdb/2hpq.pdb
152	/Users/hbk/Projects/Lab/06_FoldMotif/repos/merops/merops_pdb/1qur.pdb
153	/Users/hbk/Projects/Lab/06_FoldMotif/repos/merops/merops_pdb/1sl3.pdb
154	/Users/hbk/Projects/Lab/06_FoldMotif/repos/merops/merops_pdb/1vr1.pdb
155	/Users/hbk/Projects/Lab/06_FoldMotif/repos/merops/merops_pdb/1cea.pdb
156	/Users/hbk/Projects/Lab/06_FoldMotif/repos/merops/merops_pdb/1cgi.pdb
157	/Users/hbk/Projects/Lab/06_FoldMotif/repos/merops/merops_pdb/1l4z.pdb
158	/Users/hbk/Projects/Lab/06_FoldMotif/repos/merops/merops_pdb/2gmt.pdb
159	/Users/hbk/Projects/Lab/06_FoldMotif/repos/merops/merops_pdb/1nu7.pdb
160	/Users/hbk/Projects/Lab/06_FoldMotif/repos/merops/merops_pdb/2gch.pdb
161	/Users/hbk/Projects/Lab/06_FoldMotif/repos/merops/merops_pdb/1bbr.pdb
162	/Users/hbk/Projects/Lab/06_FoldMotif/repos/merops/merops_pdb/1ghb.pdb
163	/Users/hbk/Projects/Lab/06_FoldMotif/repos/merops/merops_pdb/1bth.pdb
164	/Users/hbk/Projects/Lab/06_FoldMotif/repos/merops/merops_pdb/3vgc.pdb
165	/Users/hbk/Projects/Lab/06_FoldMotif/repos/merops/merops_pdb/1no9.pdb
166	/Users/hbk/Projects/Lab/06_FoldMotif/repos/merops/merops_pdb/1pk4.pdb
167	/Users/hbk/Projects/Lab/06_FoldMotif/repos/merops/merops_pdb/1b7x.pdb
168	/Users/hbk/Projects/Lab/06_FoldMotif/repos/merops/merops_pdb/1b5g.pdb
169	/Users/hbk/Projects/Lab/06_FoldMotif/repos/merops/merops_pdb/1iqn.pdb
170	/Users/hbk/Projects/Lab/06_FoldMotif/repos/merops/merops_pdb/1zhr.pdb
171	/Users/hbk/Projects/Lab/06_FoldMotif/repos/merops/merops_pdb/1qvh.pdb
172	/Users/hbk/Projects/Lab/06_FoldMotif/repos/merops/merops_pdb/1chg.pdb
173	/Users/hbk/Projects/Lab/06_FoldMotif/repos/merops/merops_pdb/2hpp.pdb
174	/Users/hbk/Projects/Lab/06_FoldMotif/repos/merops/merops_pdb/1a3e.pdb
175	/Users/hbk/Projects/Lab/06_FoldMotif/repos/merops/merops_pdb/1dwc.pdb
176	/Users/hbk/Projects/Lab/06_FoldMotif/repos/merops/merops_pdb/1hav.pdb
177	/Users/hbk/Projects/Lab/06_FoldMotif/repos/merops/merops_pdb/1o0d.pdb
178	/Users/hbk/Projects/Lab/06_FoldMotif/repos/merops/merops_pdb/2ax1.pdb
179	/Users/hbk/Projects/Lab/06_FoldMotif/repos/merops/merops_pdb/1h8i.pdb
180	/Users/hbk/Projects/Lab/06_FoldMotif/repos/merops/merops_pdb/1a2c.pdb
181	/Users/hbk/Projects/Lab/06_FoldMotif/repos/merops/merops_pdb/1dlk.pdb
182	/Users/hbk/Projects/Lab/06_FoldMotif/repos/merops/merops_pdb/1zhp.pdb
183	/Users/hbk/Projects/Lab/06_FoldMotif/repos/merops/merops_pdb/1zh1.pdb
184	/Users/hbk/Projects/Lab/06_FoldMotif/repos/merops/merops_pdb/1ceb.pdb
185	/Users/hbk/Projects/Lab/06_FoldMotif/repos/merops/merops_pdb/1d4p.pdb
186	/Users/hbk/Projects/Lab/06_FoldMotif/repos/merops/merops_pdb/1cgj.pdb
187	/Users/hbk/Projects/Lab/06_FoldMotif/repos/merops/merops_pdb/1iql.pdb
188	/Users/hbk/Projects/Lab/06_FoldMotif/repos/merops/merops_pdb/1bb0.pdb
189	/Users/hbk/Projects/Lab/06_FoldMotif/repos/merops/merops_pdb/1bcu.pdb
190	/Users/hbk/Projects/Lab/06_FoldMotif/repos/merops/merops_pdb/1gha.pdb
191	/Users/hbk/Projects/Lab/06_FoldMotif/repos/merops/merops_pdb/1ghv.pdb
192	/Users/hbk/Projects/Lab/06_FoldMotif/repos/merops/merops_pdb/1g37.pdb
193	/Users/hbk/Projects/Lab/06_FoldMotif/repos/merops/merops_pdb/1n8o.pdb
194	/Users/hbk/Projects/Lab/06_FoldMotif/repos/merops/merops_pdb/1ghw.pdb
195	/Users/hbk/Projects/Lab/06_FoldMotif/repos/merops/merops_pdb/1ucy.pdb
196	/Users/hbk/Projects/Lab/06_FoldMotif/repos/merops/merops_pdb/1nt1.pdb
197	/Users/hbk/Projects/Lab/06_FoldMotif/repos/merops/merops_pdb/1iqm.pdb
198	/Users/hbk/Projects/Lab/06_FoldMotif/repos/merops/merops_pdb/1k2i.pdb
199	/Users/hbk/Projects/Lab/06_FoldMotif/repos/merops/merops_pdb/1os5.pdb
200	/Users/hbk/Projects/Lab/06_FoldMotif/repos/merops/merops_pdb/1zgi.pdb
201	/Users/hbk/Projects/Lab/06_FoldMotif/repos/merops/merops_pdb/1fax.pdb
202	/Users/hbk/Projects/Lab/06_FoldMotif/repos/merops/merops_pdb/2ax0.pdb
203	/Users/hbk/Projects/Lab/06_FoldMotif/repos/merops/merops_pdb/1tq0.pdb
204	/Users/hbk/Projects/Lab/06_FoldMotif/repos/merops/merops_pdb/1aix.pdb
205	/Users/hbk/Projects/Lab/06_FoldMotif/repos/merops/merops_pdb/1ths.pdb
206	/Users/hbk/Projects/Lab/06_FoldMotif/repos/merops/merops_pdb/1s4f.pdb
207	/Users/hbk/Projects/Lab/06_FoldMotif/repos/merops/merops_pdb/1c1v.pdb
208	/Users/hbk/Projects/Lab/06_FoldMotif/repos/merops/merops_pdb/1mh0.pdb
209	/Users/hbk/Projects/Lab/06_FoldMotif/repos/merops/merops_pdb/1k22.pdb
210	/Users/hbk/Projects/Lab/06_FoldMotif/repos/merops/merops_pdb/1uvu.pdb
211	/Users/hbk/Projects/Lab/06_FoldMotif/repos/merops/merops_pdb/1krn.pdb
212	/Users/hbk/Projects/Lab/06_FoldMotif/repos/merops/merops_pdb/1iht.pdb
213	/Users/hbk/Projects/Lab/06_FoldMotif/repos/merops/merops_pdb/1uvt.pdb
214	/Users/hbk/Projects/Lab/06_FoldMotif/repos/merops/merops_pdb/1edm.pdb
215	/Users/hbk/Projects/Lab/06_FoldMotif/repos/merops/merops_pdb/1nu9.pdb
216	/Users/hbk/Projects/Lab/06_FoldMotif/repos/merops/merops_pdb/2brk.pdb
217	/Users/hbk/Projects/Lab/06_FoldMotif/repos/merops/merops_pdb/1c1w.pdb
218	/Users/hbk/Projects/Lab/06_FoldMotif/repos/merops/merops_pdb/1doj.pdb
219	/Users/hbk/Projects/Lab/06_FoldMotif/repos/merops/merops_pdb/1dm4.pdb
220	/Users/hbk/Projects/Lab/06_FoldMotif/repos/merops/merops_pdb/6cha.pdb
221	/Users/hbk/Projects/Lab/06_FoldMotif/repos/merops/merops_pdb/1thr.pdb
222	/Users/hbk/Projects/Lab/06_FoldMotif/repos/merops/merops_pdb/1h8d.pdb
223	/Users/hbk/Projects/Lab/06_FoldMotif/repos/merops/merops_pdb/1jwt.pdb
224	/Users/hbk/Projects/Lab/06_FoldMotif/repos/merops/merops_pdb/1dx5.pdb
225	/Users/hbk/Projects/Lab/06_FoldMotif/repos/merops/merops_pdb/1ai8.pdb
226	/Users/hbk/Projects/Lab/06_FoldMotif/repos/merops/merops_pdb/1xf5.pdb
227	/Users/hbk/Projects/Lab/06_FoldMotif/repos/merops/merops_pdb/1vit.pdb
228	/Users/hbk/Projects/Lab/06_FoldMotif/repos/merops/merops_pdb/1svp.pdb
229	/Users/hbk/Projects/Lab/06_FoldMotif/repos/merops/merops_pdb/1msx.pdb
230	/Users/hbk/Projects/Lab/06_FoldMotif/repos/merops/merops_pdb/2hgt.pdb
231	/Users/hbk/Projects/Lab/06_FoldMotif/repos/merops/merops_pdb/1thp.pdb
232	/Users/hbk/Projects/Lab/06_FoldMotif/repos/merops/merops_pdb/7gch.pdb
233	/Users/hbk/Projects/Lab/06_FoldMotif/repos/merops/merops_pdb/1jmo.pdb
234	/Users/hbk/Projects/Lab/06_FoldMotif/repos/merops/merops_pdb/1d6w.pdb
235	/Users/hbk/Projects/Lab/06_FoldMotif/repos/merops/merops_pdb/1c1u.pdb
236	/Users/hbk/Projects/Lab/06_FoldMotif/repos/merops/merops_pdb/1k21.pdb
237	/Users/hbk/Projects/Lab/06_FoldMotif/repos/merops/merops_pdb/1kig.pdb
238	/Users/hbk/Projects/Lab/06_FoldMotif/repos/merops/merops_pdb/4htc.pdb
239	/Users/hbk/Projects/Lab/06_FoldMotif/repos/merops/merops_pdb/2bhg.pdb
240	/Users/hbk/Projects/Lab/06_FoldMotif/repos/merops/merops_pdb/1ghy.pdb
241	/Users/hbk/Projects/Lab/06_FoldMotif/repos/merops/merops_pdb/1p2q.pdb
242	/Users/hbk/Projects/Lab/06_FoldMotif/repos/merops/merops_pdb/1nl8.pdb
243	/Users/hbk/Projects/Lab/06_FoldMotif/repos/merops/merops_pdb/1gg6.pdb
244	/Users/hbk/Projects/Lab/06_FoldMotif/repos/merops/merops_pdb/1id5.pdb
245	/Users/hbk/Projects/Lab/06_FoldMotif/repos/merops/merops_pdb/1ghx.pdb
246	/Users/hbk/Projects/Lab/06_FoldMotif/repos/merops/merops_pdb/1ki0.pdb
247	/Users/hbk/Projects/Lab/06_FoldMotif/repos/merops/merops_pdb/1apo.pdb
248	/Users/hbk/Projects/Lab/06_FoldMotif/repos/merops/merops_pdb/1mec.pdb
249	/Users/hbk/Projects/Lab/06_FoldMotif/repos/merops/merops_pdb/1a1v.pdb
250	/Users/hbk/Projects/Lab/06_FoldMotif/repos/merops/merops_pdb/1ae8.pdb
251	/Users/hbk/Projects/Lab/06_FoldMotif/repos/merops/merops_pdb/1qbv.pdb
252	/Users/hbk/Projects/Lab/06_FoldMotif/repos/merops/merops_pdb/1qmy.pdb
253	/Users/hbk/Projects/Lab/06_FoldMotif/repos/merops/merops_pdb/1hbt.pdb
254	/Users/hbk/Projects/Lab/06_FoldMotif/repos/merops/merops_pdb/1hao.pdb
255	/Users/hbk/Projects/Lab/06_FoldMotif/repos/merops/merops_pdb/1hcg.pdb
256	/Users/hbk/Projects/Lab/06_FoldMotif/repos/merops/merops_pdb/1ad8.pdb
257	/Users/hbk/Projects/Lab/06_FoldMotif/repos/merops/merops_pdb/1a1r.pdb
258	/Users/hbk/Projects/Lab/06_FoldMotif/repos/merops/merops_pdb/1afq.pdb
259	/Users/hbk/Projects/Lab/06_FoldMotif/repos/merops/merops_pdb/2anw.pdb
260	/Users/hbk/Projects/Lab/06_FoldMotif/repos/merops/merops_pdb/1mgx.pdb
261	/Users/hbk/Projects/Lab/06_FoldMotif/repos/merops/merops_pdb/1cho.pdb
262	/Users/hbk/Projects/Lab/06_FoldMotif/repos/merops/merops_pdb/1zhm.pdb
263	/Users/hbk/Projects/Lab/06_FoldMotif/repos/merops/merops_pdb/1jou.pdb
264	/Users/hbk/Projects/Lab/06_FoldMotif/repos/merops/merops_pdb/1sb1.pdb
265	/Users/hbk/Projects/Lab/06_FoldMotif/repos/merops/merops_pdb/1l4d.pdb
266	/Users/hbk/Projects/Lab/06_FoldMotif/repos/merops/merops_pdb/2brl.pdb
267	/Users/hbk/Projects/Lab/06_FoldMotif/repos/merops/merops_pdb/4thn.pdb
268	/Users/hbk/Projects/Lab/06_FoldMotif/repos/merops/merops_pdb/1riw.pdb
269	/Users/hbk/Projects/Lab/06_FoldMotif/repos/merops/merops_pdb/1iqf.pdb
270	/Users/hbk/Projects/Lab/06_FoldMotif/repos/merops/merops_pdb/5gch.pdb
271	/Users/hbk/Projects/Lab/06_FoldMotif/repos/merops/merops_pdb/1uvs.pdb
272	/Users/hbk/Projects/Lab/06_FoldMotif/repos/merops/merops_pdb/1bt7.pdb
273	/Users/hbk/Projects/Lab/06_FoldMotif/repos/merops/merops_pdb/1gj5.pdb
274	/Users/hbk/Projects/Lab/06_FoldMotif/repos/merops/merops_pdb/1ggd.pdb
275	/Users/hbk/Projects/Lab/06_FoldMotif/repos/merops/merops_pdb/1ihs.pdb
276	/Users/hbk/Projects/Lab/06_FoldMotif/repos/merops/merops_pdb/4vgc.pdb
277	/Users/hbk/Projects/Lab/06_FoldMotif/repos/merops/merops_pdb/1way.pdb
278	/Users/hbk/Projects/Lab/06_FoldMotif/repos/merops/merops_pdb/1gj4.pdb
279	/Users/hbk/Projects/Lab/06_FoldMotif/repos/merops/merops_pdb/1rfn.pdb
280	/Users/hbk/Projects/Lab/06_FoldMotif/repos/merops/merops_pdb/1iqg.pdb
281	/Users/hbk/Projects/Lab/06_FoldMotif/repos/merops/merops_pdb/1nzq.pdb
282	/Users/hbk/Projects/Lab/06_FoldMotif/repos/merops/merops_pdb/1zrb.pdb
283	/Users/hbk/Projects/Lab/06_FoldMotif/repos/merops/merops_pdb/5hpg.pdb
284	/Users/hbk/Projects/Lab/06_FoldMotif/repos/merops/merops_pdb/1mq5.pdb
285	/Users/hbk/Projects/Lab/06_FoldMotif/repos/merops/merops_pdb/1tq7.pdb
286	/Users/hbk/Projects/Lab/06_FoldMotif/repos/merops/merops_pdb/1o2g.pdb
287	/Users/hbk/Projects/Lab/06_FoldMotif/repos/merops/merops_pdb/1hah.pdb
288	/Users/hbk/Projects/Lab/06_FoldMotif/repos/merops/merops_pdb/8ohm.pdb
289	/Users/hbk/Projects/Lab/06_FoldMotif/repos/merops/merops_pdb/1afe.pdb
290	/Users/hbk/Projects/Lab/06_FoldMotif/repos/merops/merops_pdb/1dxp.pdb
291	/Users/hbk/Projects/Lab/06_FoldMotif/repos/merops/merops_pdb/1d9i.pdb
292	/Users/hbk/Projects/Lab/06_FoldMotif/repos/merops/merops_pdb/1zgv.pdb
293	/Users/hbk/Projects/Lab/06_FoldMotif/repos/merops/merops_pdb/1kdq.pdb
294	/Users/hbk/Projects/Lab/06_FoldMotif/repos/merops/merops_pdb/1rjx.pdb
295	/Users/hbk/Projects/Lab/06_FoldMotif/repos/merops/merops_pdb/1e0f.pdb
296	/Users/hbk/Projects/Lab/06_FoldMotif/repos/merops/merops_pdb/1iqe.pdb
297	/Users/hbk/Projects/Lab/06_FoldMotif/repos/merops/merops_pdb/1piv.pdb
298	/Users/hbk/Projects/Lab/06_FoldMotif/repos/merops/merops_pdb/1g2l.pdb
299	/Users/hbk/Projects/Lab/06_FoldMotif/repos/merops/merops_pdb/1g2m.pdb
300	/Users/hbk/Projects/Lab/06_FoldMotif/repos/merops/merops_pdb/1pfx.pdb
301	/Users/hbk/Projects/Lab/06_FoldMotif/repos/merops/merops_pdb/1ksn.pdb
302	/Users/hbk/Projects/Lab/06_FoldMotif/repos/merops/merops_pdb/1rd3.pdb
303	/Users/hbk/Projects/Lab/06_FoldMotif/repos/merops/merops_pdb/1wyk.pdb
304	/Users/hbk/Projects/Lab/06_FoldMotif/repos/merops/merops_pdb/2gct.pdb
305	/Users/hbk/Projects/Lab/06_FoldMotif/repos/merops/merops_pdb/4cha.pdb
306	/Users/hbk/Projects/Lab/06_FoldMotif/repos/merops/merops_pdb/1ppb.pdb
307	/Users/hbk/Projects/Lab/06_FoldMotif/repos/merops/merops_pdb/1mq6.pdb
308	/Users/hbk/Projects/Lab/06_FoldMotif/repos/merops/merops_pdb/1hai.pdb
309	/Users/hbk/Projects/Lab/06_FoldMotif/repos/merops/merops_pdb/1o5g.pdb
310	/Users/hbk/Projects/Lab/06_FoldMotif/repos/merops/merops_pdb/1fph.pdb
311	/Users/hbk/Projects/Lab/06_FoldMotif/repos/merops/merops_pdb/1qrz.pdb
312	/Users/hbk/Projects/Lab/06_FoldMotif/repos/merops/merops_pdb/2ajm.pdb
313	/Users/hbk/Projects/Lab/06_FoldMotif/repos/merops/merops_pdb/1toc.pdb
314	/Users/hbk/Projects/Lab/06_FoldMotif/repos/merops/merops_pdb/1c4y.pdb
315	/Users/hbk/Projects/Lab/06_FoldMotif/repos/merops/merops_pdb/1sg8.pdb
316	/Users/hbk/Projects/Lab/06_FoldMotif/repos/merops/merops_pdb/2pk4.pdb
317	/Users/hbk/Projects/Lab/06_FoldMotif/repos/merops/merops_pdb/1lhe.pdb
318	/Users/hbk/Projects/Lab/06_FoldMotif/repos/merops/merops_pdb/1gx5.pdb
319	/Users/hbk/Projects/Lab/06_FoldMotif/repos/merops/merops_pdb/1ypl.pdb
320	/Users/hbk/Projects/Lab/06_FoldMotif/repos/merops/merops_pdb/1gl0.pdb
321	/Users/hbk/Projects/Lab/06_FoldMotif/repos/merops/merops_pdb/1whe.pdb
322	/Users/hbk/Projects/Lab/06_FoldMotif/repos/merops/merops_pdb/1ioe.pdb
323	/Users/hbk/Projects/Lab/06_FoldMotif/repos/merops/merops_pdb/1iod.pdb
324	/Users/hbk/Projects/Lab/06_FoldMotif/repos/merops/merops_pdb/1gmc.pdb
325	/Users/hbk/Projects/Lab/06_FoldMotif/repos/merops/merops_pdb/1gl1.pdb
326	/Users/hbk/Projects/Lab/06_FoldMotif/repos/merops/merops_pdb/1ett.pdb
327	/Users/hbk/Projects/Lab/06_FoldMotif/repos/merops/merops_pdb/1ypm.pdb
328	/Users/hbk/Projects/Lab/06_FoldMotif/repos/merops/merops_pdb/1lhd.pdb
329	/Users/hbk/Projects/Lab/06_FoldMotif/repos/merops/merops_pdb/1t4u.pdb
330	/Users/hbk/Projects/Lab/06_FoldMotif/repos/merops/merops_pdb/1sfk.pdb
331	/Users/hbk/Projects/Lab/06_FoldMotif/repos/merops/merops_pdb/1tbr.pdb
332	/Users/hbk/Projects/Lab/06_FoldMotif/repos/merops/merops_pdb/1ay6.pdb
333	/Users/hbk/Projects/Lab/06_FoldMotif/repos/merops/merops_pdb/1xxf.pdb
334	/Users/hbk/Projects/Lab/06_FoldMotif/repos/merops/merops_pdb/1xm1.pdb
335	/Users/hbk/Projects/Lab/06_FoldMotif/repos/merops/merops_pdb/1mu8.pdb
336	/Users/hbk/Projects/Lab/06_FoldMotif/repos/merops/merops_pdb/1abj.pdb
337	/Users/hbk/Projects/Lab/06_FoldMotif/repos/merops/merops_pdb/1hdt.pdb
338	/Users/hbk/Projects/Lab/06_FoldMotif/repos/merops/merops_pdb/1x7a.pdb
339	/Users/hbk/Projects/Lab/06_FoldMotif/repos/merops/merops_pdb/1a61.pdb
340	/Users/hbk/Projects/Lab/06_FoldMotif/repos/merops/merops_pdb/1vbe.pdb
341	/Users/hbk/Projects/Lab/06_FoldMotif/repos/merops/merops_pdb/1xxd.pdb
342	/Users/hbk/Projects/Lab/06_FoldMotif/repos/merops/merops_pdb/2ajn.pdb
343	/Users/hbk/Projects/Lab/06_FoldMotif/repos/merops/merops_pdb/1ca0.pdb
344	/Users/hbk/Projects/Lab/06_FoldMotif/repos/merops/merops_pdb/1gx6.pdb
345	/Users/hbk/Projects/Lab/06_FoldMotif/repos/merops/merops_pdb/1lhf.pdb
346	/Users/hbk/Projects/Lab/06_FoldMotif/repos/merops/merops_pdb/1nfx.pdb
347	/Users/hbk/Projects/Lab/06_FoldMotif/repos/merops/merops_pdb/1n1l.pdb
348	/Users/hbk/Projects/Lab/06_FoldMotif/repos/merops/merops_pdb/1whf.pdb
349	/Users/hbk/Projects/Lab/06_FoldMotif/repos/merops/merops_pdb/1lqd.pdb
350	/Users/hbk/Projects/Lab/06_FoldMotif/repos/merops/merops_pdb/1nfy.pdb
351	/Users/hbk/Projects/Lab/06_FoldMotif/repos/merops/merops_pdb/2pf1.pdb
352	/Users/hbk/Projects/Lab/06_FoldMotif/repos/merops/merops_pdb/1lhg.pdb
353	/Users/hbk/Projects/Lab/06_FoldMotif/repos/merops/merops_pdb/1eoj.pdb
354	/Users/hbk/Projects/Lab/06_FoldMotif/repos/merops/merops_pdb/1t4v.pdb
355	/Users/hbk/Projects/Lab/06_FoldMotif/repos/merops/merops_pdb/1tbq.pdb
356	/Users/hbk/Projects/Lab/06_FoldMotif/repos/merops/merops_pdb/2ajo.pdb
357	/Users/hbk/Projects/Lab/06_FoldMotif/repos/merops/merops_pdb/1awh.pdb
358	/Users/hbk/Projects/Lab/06_FoldMotif/repos/merops/merops_pdb/1abi.pdb
359	/Users/hbk/Projects/Lab/06_FoldMotif/repos/merops/merops_pdb/1fjs.pdb
360	/Users/hbk/Projects/Lab/06_FoldMotif/repos/merops/merops_pdb/1qhr.pdb
361	/Users/hbk/Projects/Lab/06_FoldMotif/repos/merops/merops_pdb/2cha.pdb
362	/Users/hbk/Projects/Lab/06_FoldMotif/repos/merops/merops_pdb/1f0s.pdb
363	/Users/hbk/Projects/Lab/06_FoldMotif/repos/merops/merops_pdb/2cp1.pdb
364	/Users/hbk/Projects/Lab/06_FoldMotif/repos/merops/merops_pdb/1c5l.pdb
365	/Users/hbk/Projects/Lab/06_FoldMotif/repos/merops/merops_pdb/1z8i.pdb
366	/Users/hbk/Projects/Lab/06_FoldMotif/repos/merops/merops_pdb/1vzq.pdb
367	/Users/hbk/Projects/Lab/06_FoldMotif/repos/merops/merops_pdb/1nro.pdb
368	/Users/hbk/Projects/Lab/06_FoldMotif/repos/merops/merops_pdb/1ypj.pdb
369	/Users/hbk/Projects/Lab/06_FoldMotif/repos/merops/merops_pdb/8kme.pdb
370	/Users/hbk/Projects/Lab/06_FoldMotif/repos/merops/merops_pdb/1lhc.pdb
371	/Users/hbk/Projects/Lab/06_FoldMotif/repos/merops/merops_pdb/1gmd.pdb
372	/Users/hbk/Projects/Lab/06_FoldMotif/repos/merops/merops_pdb/1ets.pdb
373	/Users/hbk/Projects/Lab/06_FoldMotif/repos/merops/merops_pdb/1bru.pdb
374	/Users/hbk/Projects/Lab/06_FoldMotif/repos/merops/merops_pdb/1nhv.pdb
375	/Users/hbk/Projects/Lab/06_FoldMotif/repos/merops/merops_pdb/1etr.pdb
376	/Users/hbk/Projects/Lab/06_FoldMotif/repos/merops/merops_pdb/1ypk.pdb
377	/Users/hbk/Projects/Lab/06_FoldMotif/repos/merops/merops_pdb/1b2i.pdb
378	/Users/hbk/Projects/Lab/06_FoldMotif/repos/merops/merops_pdb/1nrn.pdb
379	/Users/hbk/Projects/Lab/06_FoldMotif/repos/merops/merops_pdb/1sgi.pdb
380	/Users/hbk/Projects/Lab/06_FoldMotif/repos/merops/merops_pdb/1c5m.pdb
381	/Users/hbk/Projects/Lab/06_FoldMotif/repos/merops/merops_pdb/1z71.pdb
382	/Users/hbk/Projects/Lab/06_FoldMotif/repos/merops/merops_pdb/2ajj.pdb
383	/Users/hbk/Projects/Lab/06_FoldMotif/repos/merops/merops_pdb/1vba.pdb
384	/Users/hbk/Projects/Lab/06_FoldMotif/repos/merops/merops_pdb/1f0r.pdb
385	/Users/hbk/Projects/Lab/06_FoldMotif/repos/merops/merops_pdb/1cu1.pdb
386	/Users/hbk/Projects/Lab/06_FoldMotif/repos/merops/merops_pdb/1cwx.pdb
387	/Users/hbk/Projects/Lab/06_FoldMotif/repos/merops/merops_pdb/1mtn.pdb
388	/Users/hbk/Projects/Lab/06_FoldMotif/repos/merops/merops_pdb/1vbc.pdb
389	/Users/hbk/Projects/Lab/06_FoldMotif/repos/merops/merops_pdb/1onb.pdb
390	/Users/hbk/Projects/Lab/06_FoldMotif/repos/merops/merops_pdb/1c5o.pdb
391	/Users/hbk/Projects/Lab/06_FoldMotif/repos/merops/merops_pdb/1ddj.pdb
392	/Users/hbk/Projects/Lab/06_FoldMotif/repos/merops/merops_pdb/1z8j.pdb
393	/Users/hbk/Projects/Lab/06_FoldMotif/repos/merops/merops_pdb/1bhx.pdb
394	/Users/hbk/Projects/Lab/06_FoldMotif/repos/merops/merops_pdb/1p8v.pdb
395	/Users/hbk/Projects/Lab/06_FoldMotif/repos/merops/merops_pdb/1nhu.pdb
396	/Users/hbk/Projects/Lab/06_FoldMotif/repos/merops/merops_pdb/1lpg.pdb
397	/Users/hbk/Projects/Lab/06_FoldMotif/repos/merops/merops_pdb/1ex3.pdb
398	/Users/hbk/Projects/Lab/06_FoldMotif/repos/merops/merops_pdb/1pmk.pdb
399	/Users/hbk/Projects/Lab/06_FoldMotif/repos/merops/merops_pdb/1eol.pdb
400	/Users/hbk/Projects/Lab/06_FoldMotif/repos/merops/merops_pdb/1ld4.pdb
401	/Users/hbk/Projects/Lab/06_FoldMotif/repos/merops/merops_pdb/2vgc.pdb
402	/Users/hbk/Projects/Lab/06_FoldMotif/repos/merops/merops_pdb/1c5n.pdb
403	/Users/hbk/Projects/Lab/06_FoldMotif/repos/merops/merops_pdb/1vbb.pdb
404	/Users/hbk/Projects/Lab/06_FoldMotif/repos/merops/merops_pdb/1ab9.pdb
405	/Users/hbk/Projects/Lab/06_FoldMotif/repos/merops/merops_pdb/1fi8.pdb
