Q6GPI1	B57H B102D C195S	A75H A120D A213S	0.067	0	Q6GPI1	alphafold monomer v2.0 prediction for chymotrypsinogen b2 (q6gpi1)
Q86WS5	B57H B102D C195S	A122H A171D A268S	0.067	0	Q86WS5	alphafold monomer v2.0 prediction for transmembrane protease serine 12 (q86ws5)
Q7Z410	B57H B102D C195S	A243H A292D A387S	0.072	0	Q7Z410	alphafold monomer v2.0 prediction for transmembrane protease serine 9 (q7z410)
P17538	B57H B102D C195S	A75H A120D A213S	0.075	0	P17538	alphafold monomer v2.0 prediction for chymotrypsinogen b (p17538)
P05156	B57H B102D C195S	A380H A429D A525S	0.079	0	P05156	alphafold monomer v2.0 prediction for complement factor i (p05156)
O15393	B57H B102D C195S	A296H A345D A441S	0.08	0	O15393	alphafold monomer v2.0 prediction for transmembrane protease serine 2 (o15393)
Q6ZWK6	B57H B102D C195S	A248H A293D A389S	0.08	0	Q6ZWK6	alphafold monomer v2.0 prediction for transmembrane protease serine 11f (q6zwk6)
P07478	B57H B102D C195S	A63H A107D A200S	0.083	0	P07478	alphafold monomer v2.0 prediction for trypsin-2 (p07478)
P00736	B57H B102D C195S	A502H A557D A654S	0.084	0	P00736	alphafold monomer v2.0 prediction for complement c1r subcomponent (p00736)
P56730	B57H B102D C195S	A676H A726D A825S	0.085	0	P56730	alphafold monomer v2.0 prediction for neurotrypsin (p56730)
Q7RTY5	B57H B102D C195S	A68H A114D A220S	0.085	0	Q7RTY5	alphafold monomer v2.0 prediction for serine protease 48 (q7rty5)
A6NIE9	B57H B102D C195S	A114H A161D A262S	0.094	0	A6NIE9	alphafold monomer v2.0 prediction for putative serine protease 29 (a6nie9)
P00751	B57H B102D C195S	A526H A576D A699S	0.095	0	P00751	alphafold monomer v2.0 prediction for complement factor b (p00751)
Q7RTY8	B57H B102D C195S	A646H A694D A790S	0.095	0	Q7RTY8	alphafold monomer v2.0 prediction for transmembrane protease serine 7 (q7rty8)
P00748	B57H B102D C195S	A412H A461D A563S	0.096	0	P00748	alphafold monomer v2.0 prediction for coagulation factor xii (p00748)
P07477	B57H B102D C195S	A63H A107D A200S	0.097	0	P07477	alphafold monomer v2.0 prediction for trypsin-1 (p07477)
Q9BYE2	B57H B102D C195S	A366H A414D A511S	0.097	0	Q9BYE2	alphafold monomer v2.0 prediction for transmembrane protease serine 13 (q9bye2)
Q9NZP8	B57H B102D C195S	A283H A339D A436S	0.099	0	Q9NZP8	alphafold monomer v2.0 prediction for complement c1r subcomponent- like protein (q9nzp8)
Q5K4E3	B57H B102D C195S	A87H A139D A243S	0.101	0	Q5K4E3	alphafold monomer v2.0 prediction for polyserase-2 (q5k4e3)
Q9Y5Q5	B57H B102D C195S	A843H A892D A985S	0.102	0	Q9Y5Q5	alphafold monomer v2.0 prediction for atrial natriuretic peptide- converting enzyme (q9y5q5)
P35030	B57H B102D C195S	A120H A164D A257S	0.105	0	P35030	alphafold monomer v2.0 prediction for trypsin-3 (p35030)
Q7RTY7	B57H B102D C195S	A615H A664D A763S	0.11	0	Q7RTY7	alphafold monomer v2.0 prediction for ovochymase-1 (q7rty7)
A1L453	B57H B102D C195S	A100H A150D A245S	0.113	0	A1L453	alphafold monomer v2.0 prediction for serine protease 38 (a1l453)
Q9BQR3	B57H B102D C195S	A75H A124D A229S	0.113	0	Q9BQR3	alphafold monomer v2.0 prediction for serine protease 27 (q9bqr3)
O60235	B57H B102D C195S	A227H A272D A368S	0.115	0	O60235	alphafold monomer v2.0 prediction for transmembrane protease serine 11d (o60235)
A8MTI9	B57H B102D C195S	A121H A172D A275S	0.12	0	A8MTI9	alphafold monomer v2.0 prediction for putative serine protease 47 (a8mti9)
Q16651	B57H B102D C195S	A85H A134D A238S	0.121	0	Q16651	alphafold monomer v2.0 prediction for prostasin (q16651)
P98073	B57H B102D C195S	A825H A876D A971S	0.122	0	P98073	alphafold monomer v2.0 prediction for enteropeptidase (p98073)
Q9NRR2	B57H B102D C195S	A78H A125D A222S	0.122	0	Q9NRR2	alphafold monomer v2.0 prediction for tryptase gamma (q9nrr2)
P20231	B57H B102D C195S	A74H A121D A224S	0.123	0	P20231	alphafold monomer v2.0 prediction for tryptase beta-2 (p20231)
P03952	B57H B102D C195S	A434H A483D A578S	0.126	0	P03952	alphafold monomer v2.0 prediction for plasma kallikrein (p03952)
Q7RTZ1	B57H B102D C195S	A92H A142D A240S	0.126	0	Q7RTZ1	alphafold monomer v2.0 prediction for ovochymase-2 (q7rtz1)
Q15661	B57H B102D C195S	A74H A121D A224S	0.127	0	Q15661	alphafold monomer v2.0 prediction for tryptase alpha/beta-1 (q15661)
P00749	B57H B102D C195S	A224H A275D A376S	0.128	0	P00749	alphafold monomer v2.0 prediction for urokinase-type plasminogen activator (p00749)
P48740	B57H B102D C195S	A490H A552D A646S	0.129	0	P48740	alphafold monomer v2.0 prediction for mannan-binding lectin serine protease 1 (p48740)
P10323	B57H B102D C195S	A88H A142D A240S	0.135	0	P10323	alphafold monomer v2.0 prediction for acrosin (p10323)
P08217	B57H B102D C195S	A73H A121D A216S	0.137	0	P08217	alphafold monomer v2.0 prediction for chymotrypsin-like elastase family member 2a (p08217)
P0CW18	B57H B102D C195S	A145H A191D A286S	0.137	0	P0CW18	alphafold monomer v2.0 prediction for serine protease 56 (p0cw18)
Q7RTY7	B57H B102D C195S	A87H A139D A237S	0.138	0	Q7RTY7	alphafold monomer v2.0 prediction for ovochymase-1 (q7rty7)
P57727	B57H B102D C195S	A257H A304D A401S	0.138	0	P57727	alphafold monomer v2.0 prediction for transmembrane protease serine 3 (p57727)
Q04756	B57H B102D C195S	A447H A497D A598S	0.138	0	Q04756	alphafold monomer v2.0 prediction for hepatocyte growth factor activator (q04756)
P40313	B57H B102D C195S	A75H A121D A214S	0.141	0	P40313	alphafold monomer v2.0 prediction for chymotrypsin-like protease ctrl-1 (p40313)
Q9NRS4	B57H B102D C195S	A245H A290D A387S	0.141	0	Q9NRS4	alphafold monomer v2.0 prediction for transmembrane protease serine 4 (q9nrs4)
Q6ZMR5	B57H B102D C195S	A230H A275D A371S	0.143	0	Q6ZMR5	alphafold monomer v2.0 prediction for transmembrane protease serine 11a (q6zmr5)
Q8IU80	B57H B102D C195S	A617H A668D A762S	0.144	0	Q8IU80	alphafold monomer v2.0 prediction for transmembrane protease serine 6 (q8iu80)
P05981	B57H B102D C195S	A203H A257D A353S	0.148	0	P05981	alphafold monomer v2.0 prediction for serine protease hepsin (p05981)
Q9BZJ3	B57H B102D C195S	A81H A128D A231S	0.151	0	Q9BZJ3	alphafold monomer v2.0 prediction for tryptase delta (q9bzj3)
O00187	B57H B102D C195S	A483H A532D A633S	0.152	0	O00187	alphafold monomer v2.0 prediction for mannan-binding lectin serine protease 2 (o00187)
Q7RTY3	B57H B102D C195S	A34H A82D A186S	0.153	0	Q7RTY3	alphafold monomer v2.0 prediction for putative serine protease 45 (q7rty3)
P00747	B57H B102D C195S	A622H A665D A760S	0.153	0	P00747	alphafold monomer v2.0 prediction for plasminogen (p00747)
Q92876	B57H B102D C195S	A62H A106D A197S	0.155	0	Q92876	alphafold monomer v2.0 prediction for kallikrein-6 (q92876)
Q9Y337	B57H B102D C195S	A108H A153D A245S	0.155	0	Q9Y337	alphafold monomer v2.0 prediction for kallikrein-5 (q9y337)
P03951	B57H B102D C195S	A431H A480D A575S	0.157	0	P03951	alphafold monomer v2.0 prediction for coagulation factor xi (p03951)
P08519	B57H B102D C195S	A1169H A1212D A1298S	0.157	0	P08519	alphafold monomer v2.0 prediction for apolipoprotein(a) (p08519)
Q7RTY9	B57H B102D C195S	A95H A147D A249S	0.159	0	Q7RTY9	alphafold monomer v2.0 prediction for serine protease 41 (q7rty9)
Q9Y5Y6	B57H B102D C195S	A656H A711D A805S	0.16	0	Q9Y5Y6	alphafold monomer v2.0 prediction for suppressor of tumorigenicity 14 protein (q9y5y6)
Q2L4Q9	B57H B102D C195S	A341H A382D A478S	0.163	0	Q2L4Q9	alphafold monomer v2.0 prediction for serine protease 53 (q2l4q9)
Q9H2R5	B57H B102D C195S	A62H A106D A209S	0.163	0	Q9H2R5	alphafold monomer v2.0 prediction for kallikrein-15 (q9h2r5)
P00734	B57H B102D C195S	A406H A462D A568S	0.166	0	P00734	alphafold monomer v2.0 prediction for prothrombin (p00734)
Q9H3S3	B57H B102D C195S	A258H A308D A405S	0.166	0	Q9H3S3	alphafold monomer v2.0 prediction for transmembrane protease serine 5 (q9h3s3)
P08311	B57H B102D C195S	A64H A108D A201S	0.166	0	P08311	alphafold monomer v2.0 prediction for cathepsin g (p08311)
P00742	B57H B102D C195S	A276H A322D A419S	0.167	0	P00742	alphafold monomer v2.0 prediction for coagulation factor x (p00742)
Q7Z410	B57H B102D C195S	A544H A592D A687S	0.167	0	Q7Z410	alphafold monomer v2.0 prediction for transmembrane protease serine 9 (q7z410)
Q99895	B57H B102D C195S	A74H A121D A216S	0.167	0	Q99895	alphafold monomer v2.0 prediction for chymotrypsin-c (q99895)
Q9Y5K2	B57H B102D C195S	A71H A116D A207S	0.168	0	Q9Y5K2	alphafold monomer v2.0 prediction for kallikrein-4 (q9y5k2)
Q8NHM4	B57H B102D C195S	A63H A107D A200S	0.171	0	Q8NHM4	alphafold monomer v2.0 prediction for putative trypsin-6 (q8nhm4)
P08861	B57H B102D C195S	A73H A123D A217S	0.173	0	P08861	alphafold monomer v2.0 prediction for chymotrypsin-like elastase family member 3b (p08861)
P23946	B57H B102D C195S	A66H A110D A203S	0.173	0	P23946	alphafold monomer v2.0 prediction for chymase (p23946)
P04070	B57H B102D C195S	A253H A299D A402S	0.175	0	P04070	alphafold monomer v2.0 prediction for vitamin k-dependent protein c (p04070)
Q9UKR0	B57H B102D C195S	A62H A108D A200S	0.179	0	Q9UKR0	alphafold monomer v2.0 prediction for kallikrein-12 (q9ukr0)
Q8NF86	B57H B102D C195S	A77H A126D A231S	0.19	0	Q8NF86	alphafold monomer v2.0 prediction for serine protease 33 (q8nf86)
P00740	B57H B102D C195S	A267H A315D A411S	0.19	0	P00740	alphafold monomer v2.0 prediction for coagulation factor ix (p00740)
P09871	B57H B102D C195S	A475H A529D A632S	0.191	0	P09871	alphafold monomer v2.0 prediction for complement c1s subcomponent (p09871)
P09093	B57H B102D C195S	A73H A123D A217S	0.191	0	P09093	alphafold monomer v2.0 prediction for chymotrypsin-like elastase family member 3a (p09093)
P08218	B57H B102D C195S	A73H A121D A216S	0.191	0	P08218	alphafold monomer v2.0 prediction for chymotrypsin-like elastase family member 2b (p08218)
Q9GZN4	B57H B102D C195S	A90H A141D A242S	0.193	0	Q9GZN4	alphafold monomer v2.0 prediction for brain-specific serine protease 4 (q9gzn4)
Q9UBX7	B57H B102D C195S	A94H A142D A235S	0.195	0	Q9UBX7	alphafold monomer v2.0 prediction for kallikrein-11 (q9ubx7)
Q9UL52	B57H B102D C195S	A232H A277D A373S	0.196	0	Q9UL52	alphafold monomer v2.0 prediction for transmembrane protease serine 11e (q9ul52)
P08709	B57H B102D C195S	A253H A302D A404S	0.197	0	P08709	alphafold monomer v2.0 prediction for coagulation factor vii (p08709)
O60259	B57H B102D C195S	A73H A120D A212S	0.204	0	O60259	alphafold monomer v2.0 prediction for kallikrein-8 (o60259)
Q9Y6M0	B57H B102D C195S	A82H A137D A238S	0.204	0	Q9Y6M0	alphafold monomer v2.0 prediction for testisin (q9y6m0)
Q2L4Q9	B57H B102D C195S	A77H A128D A224S	0.212	0	Q2L4Q9	alphafold monomer v2.0 prediction for serine protease 53 (q2l4q9)
Q86T26	B57H B102D C195S	A225H A270D A366S	0.218	0	Q86T26	alphafold monomer v2.0 prediction for transmembrane protease serine 11b (q86t26)
Q9UKQ9	B57H B102D C195S	A63H A111D A204S	0.229	0	Q9UKQ9	alphafold monomer v2.0 prediction for kallikrein-9 (q9ukq9)
P49862	B57H B102D C195S	A70H A112D A205S	0.231	0	P49862	alphafold monomer v2.0 prediction for kallikrein-7 (p49862)
Q9UKR3	B57H B102D C195S	A76H A124D A218S	0.232	0	Q9UKR3	alphafold monomer v2.0 prediction for kallikrein-13 (q9ukr3)
P06681	B57H B102D C195S	A507H A561D A679S	0.234	0	P06681	alphafold monomer v2.0 prediction for complement c2 (p06681)
O43240	B57H B102D C195S	A86H A137D A229S	0.242	0	O43240	alphafold monomer v2.0 prediction for kallikrein-10 (o43240)
O95084	B57H B102D C195S	A175H A246D A316S	0.247	0	O95084	alphafold monomer v2.0 prediction for serine protease 23 (o95084)
Q9UNI1	B57H B102D C195S	A63H A111D A206S	0.248	0	Q9UNI1	alphafold monomer v2.0 prediction for chymotrypsin-like elastase family member 1 (q9uni1)
P24158	B57H B102D C195S	A71H A118D A203S	0.251	0	P24158	alphafold monomer v2.0 prediction for myeloblastin (p24158)
Q9P0G3	B57H B102D C195S	A83H A127D A220S	0.253	0	Q9P0G3	alphafold monomer v2.0 prediction for kallikrein-14 (q9p0g3)
Q6UWY2	B57H B102D C195S	A74H A122D A218S	0.256	0	Q6UWY2	alphafold monomer v2.0 prediction for serine protease 57 (q6uwy2)
P10144	B57H B102D C195S	A64H A108D A203S	0.256	0	P10144	alphafold monomer v2.0 prediction for granzyme b (p10144)
P20151	B57H B102D C195S	A65H A120D A213S	0.256	0	P20151	alphafold monomer v2.0 prediction for kallikrein-2 (p20151)
P00750	B57H B102D C195S	A357H A406D A513S	0.263	0	P00750	alphafold monomer v2.0 prediction for tissue-type plasminogen activator (p00750)
P08246	B57H B102D C195S	A70H A117D A202S	0.267	0	P08246	alphafold monomer v2.0 prediction for neutrophil elastase (p08246)
Q7Z5A4	B57H B102D C195S	A120H A166D A267S	0.267	0	Q7Z5A4	alphafold monomer v2.0 prediction for putative serine protease 42 (q7z5a4)
P00746	B57H B102D C195S	A66H A114D A208S	0.274	0	P00746	alphafold monomer v2.0 prediction for complement factor d (p00746)
Q6UWB4	B57H B102D C195S	A108H A156D A250S	0.276	0	Q6UWB4	alphafold monomer v2.0 prediction for serine protease 55 (q6uwb4)
Q6SJ93	B57H B102D C195S	A490H A544D A650S	0.276	0	Q6SJ93	alphafold monomer v2.0 prediction for serine protease fam111b (q6sj93)
P07288	B57H B102D C195S	A65H A120D A213S	0.282	0	P07288	alphafold monomer v2.0 prediction for prostate-specific antigen (p07288)
Q14520	B57H B102D C195S	A362H A411D A509S	0.289	0	Q14520	alphafold monomer v2.0 prediction for hyaluronan-binding protein 2 (q14520)
P06870	B57H B102D C195S	A65H A120D A214S	0.313	0	P06870	alphafold monomer v2.0 prediction for kallikrein-1 (p06870)
P12544	B57H B102D C195S	A69H A114D A212S	0.315	0	P12544	alphafold monomer v2.0 prediction for granzyme a (p12544)
P49863	B57H B102D C195S	A67H A116D A214S	0.328	0	P49863	alphafold monomer v2.0 prediction for granzyme k (p49863)
P20718	B57H B102D C195S	A64H A108D A202S	0.333	0	P20718	alphafold monomer v2.0 prediction for granzyme h (p20718)
Q96PZ2	B57H B102D C195S	A385H A439D A541S	0.357	0	Q96PZ2	alphafold monomer v2.0 prediction for serine protease fam111a (q96pz2)
P51124	B57H B102D C195S	A66H A111D A207S	0.378	0	P51124	alphafold monomer v2.0 prediction for granzyme m (p51124)
Q8IYW2	B57H B102D C195S	A1174H A1332D A1088S	0.386	0	Q8IYW2	alphafold monomer v2.0 prediction for cilia- and flagella-associated protein 46 (q8iyw2)
Q8IYW2	B57H B102D C195S	A974H A1132D A888S	0.411	0	Q8IYW2	alphafold monomer v2.0 prediction for cilia- and flagella-associated protein 46 (q8iyw2)
Q92824	B57H B102D C195S	A212H A171D A386S	0.424	0	Q92824	alphafold monomer v2.0 prediction for proprotein convertase subtilisin/kexin type 5 (q92824)
P83110	B57H B102D C195S	A191H A227D A305S	0.44	0	P83110	alphafold monomer v2.0 prediction for serine protease htra3 (p83110)
Q6UW60	B57H B102D C195S	A199H A158D A373S	0.47	0	Q6UW60	alphafold monomer v2.0 prediction for proprotein convertase subtilisin/kexin type 4 (q6uw60)
Q8IYW2	B57H B102D C195S	A774H A932D A688S	0.475	0	Q8IYW2	alphafold monomer v2.0 prediction for cilia- and flagella-associated protein 46 (q8iyw2)
P29120	B57H B102D C195S	A208H A167D A382S	0.486	0	P29120	alphafold monomer v2.0 prediction for neuroendocrine convertase 1 (p29120)
Q14703	B57H B102D C195S	A249H A218D A414S	0.523	0	Q14703	alphafold monomer v2.0 prediction for membrane-bound transcription factor site-1 protease (q14703)
Q16549	B57H B102D C195S	A228H A187D A406S	0.526	0	Q16549	alphafold monomer v2.0 prediction for proprotein convertase subtilisin/kexin type 7 (q16549)
P83105	B57H B102D C195S	A218H A248D A326S	0.546	0	P83105	alphafold monomer v2.0 prediction for serine protease htra4 (p83105)
O43464	B57H B102D C195S	A198H A228D A306S	0.569	0	O43464	"alphafold monomer v2.0 prediction for serine protease htra2, mitochondrial (o43464)"
Q92743	B57H B102D C195S	A220H A250D A328S	0.583	0	Q92743	alphafold monomer v2.0 prediction for serine protease htra1 (q92743)
P09958	B57H B102D C195S	A194H A153D A368S	0.625	0	P09958	alphafold monomer v2.0 prediction for furin (p09958)
Q14765	B57H B102D C195S	A427H A364D A371S	0.692	0	Q14765	alphafold monomer v2.0 prediction for signal transducer and activator of transcription 4 (q14765)
Q149M9	B57H B102D C195S	A970H A967D A1029S	0.701	0	Q149M9	alphafold monomer v2.0 prediction for nacht domain- and wd repeat- containing protein 1 (q149m9)
Q9UHF3	B57H B102D C195S	A148H A145D A114S	0.748	0	Q9UHF3	alphafold monomer v2.0 prediction for putative n-acetyltransferase 8b (q9uhf3)
O15357	B57H B102D C195S	A219H A223D A263S	0.787	0	O15357	"alphafold monomer v2.0 prediction for phosphatidylinositol 3,4,5-trisphosphate 5-phosphatase 2 (o15357)"
Q9UHE5	B57H B102D C195S	A148H A145D A114S	0.857	0	Q9UHE5	alphafold monomer v2.0 prediction for n-acetyltransferase 8 (q9uhe5)
O43150	B57H B102D C195S	A540H A568D A549S	0.859	0	O43150	"alphafold monomer v2.0 prediction for arf-gap with sh3 domain, ank repeat and ph domain-containing protein 2 (o43150)"
Q9Y5X4	B57H B102D C195S	A341H A338D A243S	0.86	0	Q9Y5X4	alphafold monomer v2.0 prediction for photoreceptor-specific nuclear receptor (q9y5x4)
P51690	B57H B102D C195S	A301H A47D A176S	0.877	0	P51690	alphafold monomer v2.0 prediction for arylsulfatase l (p51690)
Q86WI1	B57H B102D C195S	A22H A19D A41S	0.888	0	Q86WI1	alphafold monomer v2.0 prediction for fibrocystin-l (q86wi1)
Q86WI1	B57H B102D C195S	A822H A819D A841S	0.891	0	Q86WI1	alphafold monomer v2.0 prediction for fibrocystin-l (q86wi1)
Q5JSH3	B57H B102D C195S	A510H A532D A528S	0.892	0	Q5JSH3	alphafold monomer v2.0 prediction for wd repeat-containing protein 44 (q5jsh3)
P15289	B57H B102D C195S	A229H A30D A150S	0.896	0	P15289	alphafold monomer v2.0 prediction for arylsulfatase a (p15289)
Q8TEM1	B57H B102D C195S	A1005H A1003D A953S	0.898	0	Q8TEM1	alphafold monomer v2.0 prediction for nuclear pore membrane glycoprotein 210 (q8tem1)
Q96M69	B57H B102D C195S	A289H A311D A58S	0.901	0	Q96M69	alphafold monomer v2.0 prediction for leucine-rich repeat and guanylate kinase domain-containing protein (q96m69)
Q86WI1	B57H B102D C195S	A1022H A1019D A1041S	0.905	0	Q86WI1	alphafold monomer v2.0 prediction for fibrocystin-l (q86wi1)
O43240	B57H B102D C195S	A86H A134D A229S	0.907	0	O43240	alphafold monomer v2.0 prediction for kallikrein-10 (o43240)
P25774	B57H B102D C195S	A256H A253D A271S	0.913	0	P25774	alphafold monomer v2.0 prediction for cathepsin s (p25774)
Q86WI1	B57H B102D C195S	A622H A619D A641S	0.917	0	Q86WI1	alphafold monomer v2.0 prediction for fibrocystin-l (q86wi1)
Q86WI1	B57H B102D C195S	A1222H A1219D A1241S	0.918	0	Q86WI1	alphafold monomer v2.0 prediction for fibrocystin-l (q86wi1)
Q86WI1	B57H B102D C195S	A422H A419D A441S	0.928	0	Q86WI1	alphafold monomer v2.0 prediction for fibrocystin-l (q86wi1)
Q6P2H8	B57H B102D C195S	A198H A201D A149S	0.934	0	Q6P2H8	alphafold monomer v2.0 prediction for transmembrane protein 53 (q6p2h8)
Q86WI1	B57H B102D C195S	A222H A219D A241S	0.944	0	Q86WI1	alphafold monomer v2.0 prediction for fibrocystin-l (q86wi1)
Q9UKZ4	B57H B102D C195S	A260H A256D A276S	0.969	0	Q9UKZ4	alphafold monomer v2.0 prediction for teneurin-1 (q9ukz4)
O60449	B57H B102D C195S	A1433H A1475D A1472S	1.025	0	O60449	alphafold monomer v2.0 prediction for lymphocyte antigen 75 (o60449)
Q5VST9	B57H B102D C195S	A345H A340D A609S	1.035	0	Q5VST9	alphafold monomer v2.0 prediction for obscurin (q5vst9)
Q8TD43	B57H B102D C195S	A505H A502D A483S	1.044	0	Q8TD43	alphafold monomer v2.0 prediction for transient receptor potential cation channel subfamily m member 4 (q8td43)
O43164	B57H B102D C195S	A657H A645D A639S	1.067	0	O43164	alphafold monomer v2.0 prediction for e3 ubiquitin-protein ligase praja-2 (o43164)
Q6WRI0	B57H B102D C195S	A1987H A1984D A2308S	1.076	0	Q6WRI0	alphafold monomer v2.0 prediction for immunoglobulin superfamily member 10 (q6wri0)
P06734	B57H B102D C195S	A202H A241D A238S	1.085	0	P06734	alphafold monomer v2.0 prediction for low affinity immunoglobulin epsilon fc receptor (p06734)
O60336	B57H B102D C195S	A366H A462D A725S	1.095	0	O60336	alphafold monomer v2.0 prediction for mitogen-activated protein kinase-binding protein 1 (o60336)
O15230	B57H B102D C195S	A1226H A1242D A1220S	1.104	0	O15230	alphafold monomer v2.0 prediction for laminin subunit alpha-5 (o15230)
Q8WZ04	B57H B102D C195S	A244H A280D A113S	1.118	0	Q8WZ04	alphafold monomer v2.0 prediction for transmembrane o-methyltransferase (q8wz04)
O15230	B57H B102D C195S	A1026H A1042D A1020S	1.122	0	O15230	alphafold monomer v2.0 prediction for laminin subunit alpha-5 (o15230)
Q8NEG7	B57H B102D C195S	A109H A112D A39S	1.128	0	Q8NEG7	alphafold monomer v2.0 prediction for protein dennd6b (q8neg7)
Q9Y3T6	B57H B102D C195S	A355H A352D A389S	1.149	0	Q9Y3T6	alphafold monomer v2.0 prediction for r3h and coiled-coil domain- containing protein 1 (q9y3t6)
Q96M86	B57H B102D C195S	A305H A240D A312S	1.156	0	Q96M86	alphafold monomer v2.0 prediction for dynein heavy chain domain- containing protein 1 (q96m86)
P04196	B57H B102D C195S	A57H A55D A499S	1.157	0	P04196	alphafold monomer v2.0 prediction for histidine-rich glycoprotein (p04196)
Q68CQ4	B57H B102D C195S	A162H A159D A387S	1.167	0	Q68CQ4	alphafold monomer v2.0 prediction for digestive organ expansion factor homolog (q68cq4)
P11215	B57H B102D C195S	A556H A537D A568S	1.185	0	P11215	alphafold monomer v2.0 prediction for integrin alpha-m (p11215)
O43379	B57H B102D C195S	A381H A474D A737S	1.21	0	O43379	alphafold monomer v2.0 prediction for wd repeat-containing protein 62 (o43379)
P52701	B57H B102D C195S	A113H A116D A200S	1.217	0	P52701	alphafold monomer v2.0 prediction for dna mismatch repair protein msh6 (p52701)
Q96M86	B57H B102D C195S	A905H A840D A912S	1.221	0	Q96M86	alphafold monomer v2.0 prediction for dynein heavy chain domain- containing protein 1 (q96m86)
Q9NRG9	B57H B102D C195S	A244H A266D A261S	1.225	0	Q9NRG9	alphafold monomer v2.0 prediction for aladin (q9nrg9)
Q8TDJ6	B57H B102D C195S	A1184H A1214D A1210S	1.225	0	Q8TDJ6	alphafold monomer v2.0 prediction for dmx-like protein 2 (q8tdj6)
Q9Y5Z9	B57H B102D C195S	A230H A187D A257S	1.226	0	Q9Y5Z9	alphafold monomer v2.0 prediction for ubia prenyltransferase domain- containing protein 1 (q9y5z9)
Q9UKV3	B57H B102D C195S	A1070H A1085D A1004S	1.228	0	Q9UKV3	alphafold monomer v2.0 prediction for apoptotic chromatin condensation inducer in the nucleus (q9ukv3)
Q969N4	B57H B102D C195S	A107H A111D A88S	1.244	0	Q969N4	alphafold monomer v2.0 prediction for trace amine-associated receptor 8 (q969n4)
Q96LD8	B57H B102D C195S	A102H A92D A124S	1.249	0	Q96LD8	alphafold monomer v2.0 prediction for sentrin-specific protease 8 (q96ld8)
Q12884	B57H B102D C195S	A734H A702D A624S	1.264	0	Q12884	alphafold monomer v2.0 prediction for prolyl endopeptidase fap (q12884)
A6H8Y1	B57H B102D C195S	A369H A365D A1295S	1.275	0	A6H8Y1	alphafold monomer v2.0 prediction for transcription factor tfiiib component b'' homolog (a6h8y1)
P52824	B57H B102D C195S	A172H A174D A261S	1.279	0	P52824	alphafold monomer v2.0 prediction for diacylglycerol kinase theta (p52824)
Q5TGY1	B57H B102D C195S	A504H A463D A404S	1.282	0	Q5TGY1	alphafold monomer v2.0 prediction for transmembrane and coiled-coil domain-containing protein 4 (q5tgy1)
Q6NYC1	B57H B102D C195S	A187H A189D A346S	1.282	0	Q6NYC1	alphafold monomer v2.0 prediction for bifunctional arginine demethylase and lysyl-hydroxylase jmjd6 (q6nyc1)
P52701	B57H B102D C195S	A578H A576D A1199S	1.29	0	P52701	alphafold monomer v2.0 prediction for dna mismatch repair protein msh6 (p52701)
A8TX70	B57H B102D C195S	A2449H A2451D A2444S	1.297	0	A8TX70	alphafold monomer v2.0 prediction for collagen alpha-5(vi) chain (a8tx70)
Q6ZW05	B57H B102D C195S	A304H A727D A344S	1.31	0	Q6ZW05	alphafold monomer v2.0 prediction for patched domain-containing protein 4 (q6zw05)
P23258	B57H B102D C195S	A315H A310D A385S	1.317	0	P23258	alphafold monomer v2.0 prediction for tubulin gamma-1 chain (p23258)
P27487	B57H B102D C195S	A740H A708D A630S	1.324	0	P27487	alphafold monomer v2.0 prediction for dipeptidyl peptidase 4 (p27487)
Q92499	B57H B102D C195S	A470H A473D A486S	1.328	0	Q92499	alphafold monomer v2.0 prediction for atp-dependent rna helicase ddx1 (q92499)
Q86TI2	B57H B102D C195S	A840H A808D A730S	1.334	0	Q86TI2	alphafold monomer v2.0 prediction for dipeptidyl peptidase 9 (q86ti2)
P56937	B57H B102D C195S	A186H A183D A195S	1.349	0	P56937	alphafold monomer v2.0 prediction for 3-keto-steroid reductase/17-beta-hydroxysteroid dehydrogenase 7 (p56937)
Q9BYV7	B57H B102D C195S	A101H A104D A320S	1.35	0	Q9BYV7	"alphafold monomer v2.0 prediction for beta,beta-carotene 9',10'-oxygenase (q9byv7)"
P48506	B57H B102D C195S	A584H A586D A600S	1.354	0	P48506	alphafold monomer v2.0 prediction for glutamate--cysteine ligase catalytic subunit (p48506)
Q96SD1	B57H B102D C195S	A38H A17D A2S	1.355	0	Q96SD1	alphafold monomer v2.0 prediction for protein artemis (q96sd1)
Q96RG2	B57H B102D C195S	A934H A931D A895S	1.36	0	Q96RG2	alphafold monomer v2.0 prediction for pas domain-containing serine/threonine-protein kinase (q96rg2)
Q2KJY2	B57H B102D C195S	A708H A539D A764S	1.372	0	Q2KJY2	alphafold monomer v2.0 prediction for kinesin-like protein kif26b (q2kjy2)
Q6V1X1	B57H B102D C195S	A865H A833D A755S	1.392	0	Q6V1X1	alphafold monomer v2.0 prediction for dipeptidyl peptidase 8 (q6v1x1)
Q8N4L1	B57H B102D C195S	A157H A251D A186S	1.402	0	Q8N4L1	alphafold monomer v2.0 prediction for transmembrane protein 151a (q8n4l1)
Q00266	B57H B102D C195S	A379H A269D A283S	1.406	0	Q00266	alphafold monomer v2.0 prediction for s-adenosylmethionine synthase isoform type-1 (q00266)
Q9P273	B57H B102D C195S	A1806H A1802D A1559S	1.407	0	Q9P273	alphafold monomer v2.0 prediction for teneurin-3 (q9p273)
Q9UKV5	B57H B102D C195S	A240H A243D A173S	1.423	0	Q9UKV5	alphafold monomer v2.0 prediction for e3 ubiquitin-protein ligase amfr (q9ukv5)
P31153	B57H B102D C195S	A379H A269D A283S	1.423	0	P31153	alphafold monomer v2.0 prediction for s-adenosylmethionine synthase isoform type-2 (p31153)
Q7L8L6	B57H B102D C195S	A128H A242D A279S	1.424	0	Q7L8L6	"alphafold monomer v2.0 prediction for fast kinase domain-containing protein 5, mitochondrial (q7l8l6)"
Q6ZQW0	B57H B102D C195S	A97H A145D A132S	1.426	0	Q6ZQW0	"alphafold monomer v2.0 prediction for indoleamine 2,3-dioxygenase 2 (q6zqw0)"
P54317	B57H B102D C195S	A94H A124D A129S	1.431	0	P54317	alphafold monomer v2.0 prediction for pancreatic lipase-related protein 2 (p54317)
Q8N9L9	B57H B102D C195S	A360H A326D A232S	1.443	0	Q8N9L9	alphafold monomer v2.0 prediction for peroxisomal succinyl-coenzyme a thioesterase (q8n9l9)
Q8WYK0	B57H B102D C195S	A419H A417D A531S	1.445	0	Q8WYK0	alphafold monomer v2.0 prediction for acetyl-coenzyme a thioesterase (q8wyk0)
Q8IYQ7	B57H B102D C195S	A642H A640D A563S	1.449	0	Q8IYQ7	alphafold monomer v2.0 prediction for threonine synthase-like 1 (q8iyq7)
Q6PGP7	B57H B102D C195S	A1228H A1225D A1197S	1.457	0	Q6PGP7	alphafold monomer v2.0 prediction for tetratricopeptide repeat protein 37 (q6pgp7)
P48736	B57H B102D C195S	A658H A655D A853S	1.462	0	P48736	"alphafold monomer v2.0 prediction for phosphatidylinositol 4,5-bisphosphate 3-kinase catalytic subunit gamma isoform (p48736)"
Q9UM54	B57H B102D C195S	A430H A433D A624S	1.463	0	Q9UM54	alphafold monomer v2.0 prediction for unconventional myosin-vi (q9um54)
P54315	B57H B102D C195S	A94H A124D A129S	1.466	0	P54315	alphafold monomer v2.0 prediction for inactive pancreatic lipase- related protein 1 (p54315)
Q86XX4	B57H B102D C195S	A357H A390D A394S	1.467	0	Q86XX4	alphafold monomer v2.0 prediction for extracellular matrix organizing protein fras1 (q86xx4)
Q5H8C1	B57H B102D C195S	A458H A486D A490S	1.471	0	Q5H8C1	alphafold monomer v2.0 prediction for fras1-related extracellular matrix protein 1 (q5h8c1)
Q86XX4	B57H B102D C195S	A957H A990D A994S	1.473	0	Q86XX4	alphafold monomer v2.0 prediction for extracellular matrix organizing protein fras1 (q86xx4)
O94915	B57H B102D C195S	A443H A439D A186S	1.475	0	O94915	alphafold monomer v2.0 prediction for protein furry homolog-like (o94915)
Q9H871	B57H B102D C195S	A227H A230D A189S	1.475	0	Q9H871	alphafold monomer v2.0 prediction for e3 ubiquitin-protein transferase rmnd5a (q9h871)
Q86XX4	B57H B102D C195S	A757H A790D A794S	1.477	0	Q86XX4	alphafold monomer v2.0 prediction for extracellular matrix organizing protein fras1 (q86xx4)
P08195	B57H B102D C195S	A556H A540D A586S	1.478	0	P08195	alphafold monomer v2.0 prediction for 4f2 cell-surface antigen heavy chain (p08195)
Q86XX4	B57H B102D C195S	A1357H A1390D A1394S	1.481	0	Q86XX4	alphafold monomer v2.0 prediction for extracellular matrix organizing protein fras1 (q86xx4)
Q9BRB3	B57H B102D C195S	A37H A15D A189S	1.481	0	Q9BRB3	alphafold monomer v2.0 prediction for phosphatidylinositol n-acetylglucosaminyltransferase subunit q (q9brb3)
Q86XX4	B57H B102D C195S	A557H A590D A594S	1.482	0	Q86XX4	alphafold monomer v2.0 prediction for extracellular matrix organizing protein fras1 (q86xx4)
Q9BYG0	B57H B102D C195S	A325H A328D A322S	1.484	0	Q9BYG0	"alphafold monomer v2.0 prediction for lactosylceramide 1,3-n-acetyl- beta-d-glucosaminyltransferase (q9byg0)"
O94915	B57H B102D C195S	A643H A639D A386S	1.486	0	O94915	alphafold monomer v2.0 prediction for protein furry homolog-like (o94915)
Q9NSY2	B57H B102D C195S	A154H A179D A43S	1.488	0	Q9NSY2	alphafold monomer v2.0 prediction for star-related lipid transfer protein 5 (q9nsy2)
Q86XX4	B57H B102D C195S	A1157H A1190D A1194S	1.499	0	Q86XX4	alphafold monomer v2.0 prediction for extracellular matrix organizing protein fras1 (q86xx4)
Q96DR4	B57H B102D C195S	A151H A176D A45S	1.5	0	Q96DR4	alphafold monomer v2.0 prediction for star-related lipid transfer protein 4 (q96dr4)